location_x,location_y
-6.455867767333984,61.20599365234375
-6.455235004425049,61.305992126464844
-6.454602241516113,61.40599060058594
-6.453336715698242,61.605986785888675
-6.4520713806152346,61.805982971191405
-6.450806045532227,62.005978393554685
-6.449540710449218,62.20597381591797
-6.448275375366211,62.40596923828125
-6.447010040283203,62.60596542358398
-6.445744514465332,62.80596160888672
-6.444478988647461,63.005958557128906
-6.44321346282959,63.20595474243164
-6.441947937011719,63.405950927734374
-6.440682411193848,63.60594635009765
-6.439416885375977,63.80594024658203
-6.4381513595581055,64.00593414306641
-6.436885833740234,64.20592880249023
-6.435620307922363,64.40592346191406
-6.434354782104492,64.60591888427734
-6.433089256286621,64.80591430664063
-6.43182373046875,65.0059097290039
-6.430558204650879,65.20590515136719
-6.429292678833008,65.40590057373046
-6.42802734375,65.60589599609375
-6.4267620086669925,65.80589294433594
-6.425496673583984,66.00588989257812
-6.424231338500976,66.20588684082031
-6.422966003417969,66.4058837890625
-6.421700477600098,66.60588073730469
-6.420434951782227,66.80587615966797
-6.4191694259643555,67.00587158203125
-6.417903900146484,67.20586700439453
-6.416638374328613,67.4058624267578
-6.415372848510742,67.6058578491211
-6.414107322692871,67.80585479736328
-6.412841796875,68.00585021972657
-6.411576271057129,68.20584564208984
-6.410310745239258,68.40584106445313
-6.409045219421387,68.6058364868164
-6.407779693603516,68.80583190917969
-6.4065141677856445,69.00582885742188
-6.405248641967773,69.20582580566406
-6.403983116149902,69.40582275390625
-6.402717781066895,69.60581970214844
-6.401452445983887,69.80581665039062
-6.4001871109008786,70.00581207275391
-6.398921775817871,70.20580749511718
-6.397656440734863,70.40580291748047
-6.396390914916992,70.60579833984374
-6.395125389099121,70.80579376220703
-6.39385986328125,71.00579071044922
-6.392594337463379,71.2057861328125
-6.391328811645508,71.40578155517578
-6.390063285827638,71.60577697753907
-6.388797760009766,71.80577239990234
-6.3875322341918945,72.00576782226562
-6.386266708374023,72.20576477050781
-6.385001182556152,72.40576171875
-6.383735656738281,72.60575866699219
-6.38247013092041,72.80575561523438
-6.381204605102539,73.00575256347656
-6.379939079284668,73.20574798583985
-6.378673553466797,73.40574340820312
-6.377408218383789,73.60573883056641
-6.376142883300782,73.80573425292968
-6.374877548217773,74.00572967529297
-6.3736122131347654,74.20572662353516
-6.372346878051758,74.40572204589844
-6.371081352233887,74.60571746826172
-6.369815826416016,74.805712890625
-6.3685503005981445,75.00570831298828
-6.367284774780273,75.20570373535156
-6.366019248962402,75.40570068359375
-6.364753723144531,75.60569763183594
-6.36348819732666,75.80569458007812
-6.362222671508789,76.00569152832031
-6.360957145690918,76.2056884765625
-6.359691619873047,76.40568542480469
-6.358426094055176,76.60568084716797
-6.357160568237305,76.80567626953125
-6.355895042419434,77.00567169189453
-6.3546295166015625,77.2056671142578
-6.353364181518555,77.4056610107422
-6.352098846435547,77.60565643310547
-6.350833511352539,77.80565185546875
-6.349568176269531,78.00564727783203
-6.348302841186523,78.20564270019531
-6.347037315368652,78.4056396484375
-6.345771789550781,78.60563659667969
-6.34450626373291,78.80563354492188
-6.343240737915039,79.00563049316406
-6.341975212097168,79.20562744140625
-6.340709686279297,79.40562438964844
-6.339444160461426,79.60562133789062
-6.338178634643555,79.80561676025391
-6.336913108825684,80.00561218261718
-6.3356475830078125,80.20560760498047
-6.334382057189941,80.40560302734374
-6.33311653137207,80.60559692382813
-6.331851005554199,80.8055923461914
-6.330585479736328,81.00558776855469
-6.329319953918457,81.20558319091796
-6.328054618835449,81.40557861328125
-6.326789283752442,81.60557556152344
-6.325523948669433,81.80557250976562
-6.324258613586426,82.00556945800781
-6.322993278503418,82.20556640625
-6.321727752685547,82.40556335449219
-6.320462226867676,82.60556030273438
-6.319196701049805,82.80555725097656
-6.317931175231934,83.00555267333985
-6.3166656494140625,83.20554809570312
-6.315400123596191,83.40554351806641
-6.31413459777832,83.60553894042968
-6.312869071960449,83.80553283691407
-6.311603546142578,84.00552825927734
-6.310338020324707,84.20552368164063
-6.309072494506836,84.4055191040039
-6.307806968688965,84.60551452636719
-6.306541442871094,84.80551147460938
-6.305275917053223,85.00550842285156
-6.304010581970215,85.20550537109375
-6.302745246887207,85.40550231933594
-6.301479911804199,85.60549926757812
-6.300214576721191,85.80549621582031
-6.298949241638184,86.0054931640625
-6.2976837158203125,86.20548858642579
-6.296418190002441,86.40548400878906
-6.29515266418457,86.60547943115235
-6.293887138366699,86.80547485351562
-6.292621612548828,87.00546875
-6.291356086730957,87.20546417236328
-6.290090560913086,87.40545959472657
-6.288825035095215,87.60545501708984
-6.287559509277344,87.80545043945312
-6.286293983459473,88.00544738769531
-6.285028457641602,88.2054443359375
-6.2837629318237305,88.40544128417969
-6.282497406005859,88.60543823242188
-6.281231880187988,88.80543518066406
-6.279966354370117,89.00543212890625
-6.2787010192871096,89.20542907714844
-6.277435684204102,89.40542449951172
-6.276170349121093,89.605419921875
-6.274905014038086,89.80541534423828
-6.273639678955078,90.00541076660156
-6.272374153137207,90.20540466308594
-6.271108627319336,90.40540008544922
-6.269843101501465,90.6053955078125
-6.268577575683594,90.80539093017578
-6.267312049865723,91.00538635253906
-6.266046524047852,91.20538330078125
-6.2647809982299805,91.40538024902342
-6.263515472412109,91.60537719726561
-6.262249946594238,91.80537414550781
-6.260984420776367,92.00537109375
-6.259718894958496,92.20536804199219
-6.258453369140625,92.40536499023439
-6.257187843322754,92.60536041259766
-6.255922317504883,92.80535583496093
-6.254656791687012,93.00535125732422
-6.253391456604004,93.2053466796875
-6.2521261215209964,93.40534057617188
-6.250860786437988,93.60533599853514
-6.24959545135498,93.80533142089843
-6.248330116271973,94.00532684326171
-6.247064590454102,94.205322265625
-6.2457990646362305,94.40531921386719
-6.244533538818359,94.60531616210939
-6.243268013000488,94.80531311035158
-6.242002487182617,95.00531005859375
-6.240736961364746,95.20530700683594
-6.239471435546875,95.40530395507812
-6.238205909729004,95.60530090332031
-6.236940383911133,95.8052963256836
-6.235674858093262,96.00529174804687
-6.234409332275391,96.20528717041016
-6.2331438064575195,96.40528259277343
-6.231878280639648,96.60527648925782
-6.230612945556641,96.80527191162109
-6.229347610473633,97.00526733398438
-6.228082275390625,97.20526275634765
-6.226816940307617,97.40525817871094
-6.225551605224609,97.60525512695312
-6.224286079406738,97.80525207519531
-6.223020553588867,98.0052490234375
-6.221755027770996,98.20524597167969
-6.220489501953125,98.40524291992188
-6.219223976135254,98.60523986816406
-6.217958450317383,98.80523681640625
-6.216692924499512,99.00523223876954
-6.215427398681641,99.20522766113281
-6.2141618728637695,99.4052230834961
-6.212896347045898,99.60521850585937
-6.211630821228027,99.80521240234376
-6.210365295410156,100.00520782470703
-6.209099769592285,100.20520324707032
-6.207834243774414,100.40519866943359
-6.206568717956543,100.60519409179686
-6.205303382873535,100.80519104003905
-6.204038047790528,101.00518798828125
-6.202772712707519,101.20518493652344
-6.2015073776245115,101.40518188476562
-6.200242042541504,101.60517883300781
-6.198976516723633,101.80517578125
-6.197710990905763,102.00517272949219
-6.196445465087891,102.20516815185547
-6.1951799392700195,102.40516357421875
-6.193914413452148,102.60515899658203
-6.192648887634277,102.8051544189453
-6.191383361816406,103.0051483154297
-6.190117835998535,103.20514373779297
-6.188852310180664,103.40513916015625
-6.187586784362793,103.60513458251953
-6.186321258544922,103.80513000488281
-6.185055732727051,104.005126953125
-6.18379020690918,104.20512390136719
-6.182524681091309,104.40512084960938
-6.1812591552734375,104.60511779785156
-6.17999382019043,104.80511474609375
-6.178728485107422,105.00511169433594
-6.177463150024414,105.20510864257812
-6.176197814941406,105.40510406494141
-6.174932479858398,105.60509948730468
-6.173666954040527,105.80509490966797
-6.172401428222656,106.00509033203124
-6.171135902404785,106.20508422851563
-6.169870376586914,106.4050796508789
-6.168604850769043,106.60507507324219
-6.167339324951172,106.80507049560546
-6.166073799133301,107.00506591796875
-6.16480827331543,107.20506286621094
-6.163542747497559,107.40505981445312
-6.1622772216796875,107.60505676269531
-6.161011695861816,107.8050537109375
-6.159746170043945,108.00505065917969
-6.158480644226074,108.20504608154297
-6.157215118408203,108.40504150390625
-6.1559497833251955,108.60503692626953
-6.154684448242188,108.8050323486328
-6.153419113159179,109.0050277709961
-6.152153778076172,109.20502471923828
-6.150888442993164,109.40502166748047
-6.149622917175293,109.60501861572266
-6.148357391357422,109.80501403808594
-6.147091865539551,110.00500946044922
-6.14582633972168,110.2050048828125
-6.144560813903809,110.40500030517578
-6.1432952880859375,110.60499572753906
-6.142029762268066,110.80499267578125
-6.140764236450195,111.00498962402344
-6.139498710632324,111.20498657226562
-6.138233184814453,111.40498199462891
-6.136967658996582,111.60497741699218
-6.135702133178711,111.80497283935547
-6.13443660736084,112.00496826171874
-6.133171081542969,112.20496368408203
-6.131905555725098,112.40496063232422
-6.13064022064209,112.6049575805664
-6.129374885559082,112.8049545288086
-6.128109550476074,113.00494995117188
-6.126844215393066,113.20494537353515
-6.125578880310059,113.40494079589844
-6.1243133544921875,113.60493621826171
-6.123047828674316,113.804931640625
-6.121782302856445,114.00492858886719
-6.120516777038574,114.20492553710938
-6.119251251220703,114.40492248535156
-6.117985725402832,114.60491790771485
-6.116720199584961,114.80491333007812
-6.11545467376709,115.00490875244141
-6.114189147949219,115.20490417480468
-6.112923622131348,115.40489959716797
-6.111658096313477,115.60489654541016
-6.1103925704956055,115.80489349365234
-6.109127044677734,116.00489044189453
-6.107861518859863,116.20488586425782
-6.106596183776856,116.40488128662109
-6.105330848693848,116.60487670898438
-6.1040655136108395,116.80487213134765
-6.102800178527832,117.00486755371094
-6.101534843444824,117.20486450195312
-6.100269317626953,117.40486145019531
-6.099003791809082,117.6048583984375
-6.097586441040039,117.82885437011718
-6.09642219543457,118.01285095214844
-6.095257949829102,118.19684753417968
-6.094093704223633,118.38084411621094
-6.092929458618164,118.5648406982422
-6.091917037963867,118.72483673095704
-6.090651512145996,118.92483215332031
-6.089385986328125,119.1248275756836
-6.088120460510254,119.32482299804687
-6.086854934692383,119.52481842041016
-6.085589408874512,119.72481536865234
-6.084323883056641,119.92481231689453
-6.0830583572387695,120.12480926513672
-6.081792831420898,120.3248062133789
-6.080527305603027,120.5248016357422
-6.079261779785156,120.72479705810547
-6.077996444702149,120.92479248046875
-6.076731109619141,121.12478790283203
-6.0754657745361325,121.32478332519531
-6.074200439453125,121.5247802734375
-6.072935104370117,121.72477722167969
-6.071669578552246,121.92477264404297
-6.070326328277588,122.12742767333984
-6.068022060394287,122.3380355834961
-6.06366548538208,122.55655670166016
-6.056166458129883,122.78292541503906
-6.0444361686706545,123.01705474853516
-6.0274663925170895,123.25616912841797
-6.005057239532471,123.49483489990234
-5.977219963073731,123.73292999267578
-5.943969058990478,123.97032928466797
-5.905322074890137,124.2069107055664
-5.861298751831055,124.44255065917969
-5.8119219779968265,124.67712707519532
-5.757217502593994,124.91051788330078
-5.697213649749756,125.14260406494141
-5.631941318511964,125.37326202392578
-5.5614344596862795,125.60237579345703
-5.485729598999024,125.82982482910157
-5.404866123199463,126.05549011230468
-5.3188855171203615,126.27925720214844
-5.227832889556884,126.50100860595703
-5.131755352020264,126.72062835693359
-5.0307024955749515,126.93800506591796
-4.924726772308349,127.15302429199218
-4.813883304595947,127.36557312011719
-4.6982293128967285,127.57554473876954
-4.577824687957763,127.78282775878907
-4.452732181549072,127.98731536865235
-4.323016357421875,128.18890533447265
-4.188744592666626,128.38748779296876
-4.049986505508423,128.5829620361328
-3.9068140506744387,128.77522888183594
-3.759301280975342,128.9641845703125
-3.6075248241424562,129.14972839355468
-3.4515634059906004,129.33177185058594
-3.2914977073669434,129.51022033691407
-3.1274108886718746,129.68497314453126
-2.959387922286987,129.85594787597657
-2.787515926361084,130.02305297851564
-2.6118838787078857,130.1862030029297
-2.432583045959473,130.34530639648438
-2.249706172943115,130.5002899169922
-2.06334822177887,130.65106811523438
-1.8736056566238406,130.79756774902344
-1.6805769920349125,130.93970642089843
-1.4843621253967285,131.0774169921875
-1.2850629806518554,131.21062316894532
-1.0827827453613281,131.3392578125
-0.8776264071464539,131.46325073242187
-0.6697001934051514,131.5825439453125
-0.45911197662353515,131.6970703125
-0.24597084522247314,131.80677490234376
-0.030387306213378908,131.9115966796875
0.18752689361572267,132.01148681640626
0.4076587319374084,132.10638732910155
0.6294845700263977,132.19611511230468
0.8471334099769592,132.27921142578126
1.0605295777320862,132.35655517578124
1.2693249702453613,132.42893676757814
1.4731932878494263,132.4971496582031
1.672239851951599,132.5621368408203
1.8719384670257568,132.62611694335936
2.0719887256622314,132.68899230957032
2.272384691238403,132.75075073242186
2.4731200695037843,132.8114013671875
2.6741886138916016,132.87093505859374
2.8755841732025145,132.92935791015626
3.077300691604614,132.98666076660157
3.279331827163696,133.0428436279297
3.4816713333129883,133.09790649414063
3.6843130111694338,133.15184326171874
3.8872506618499756,133.20465698242188
4.090478086471558,133.2563446044922
4.29398889541626,133.3069091796875
4.497777080535888,133.35633850097656
4.701836395263672,133.4046417236328
4.906160449981689,133.45180969238282
5.110742855072021,133.4978454589844
5.315577411651612,133.54274291992186
5.5206578254699705,133.5865051269531
5.7259777069091795,133.6291290283203
5.9315306663513185,133.6706115722656
6.137310600280761,133.71095275878906
6.34331111907959,133.75015563964843
6.549525737762451,133.78821716308593
6.755948257446289,133.82513427734375
6.962572479248047,133.86090393066405
7.169391822814942,133.8955291748047
7.376400089263916,133.92900695800782
7.583590793609619,133.96133422851562
7.7909575462341305,133.99251403808594
7.9984938621521,134.02254638671874
8.206193542480468,134.05142517089843
8.414050006866455,134.079150390625
8.622057151794433,134.10572204589843
8.83020839691162,134.13113708496093
9.03849754333496,134.1553985595703
9.246917915344238,134.17850646972656
9.455463409423828,134.20045776367186
9.664127349853516,134.22125244140625
9.872903442382812,134.2408935546875
10.081785202026367,134.259375
10.290766334533691,134.27669677734374
10.49984016418457,134.29285888671876
10.709000396728516,134.3078643798828
10.918240547180176,134.32170715332032
11.127554130554199,134.33438720703126
11.336934852600098,134.34590759277344
11.546376419067382,134.35626525878905
11.75587215423584,134.36546020507814
11.965415763854981,134.37349548339844
12.175000762939453,134.38037109375
12.384620666503906,134.386083984375
12.594268798828125,134.39063415527343
12.803939056396484,134.39402465820314
13.013624954223634,134.39624633789063
13.223319816589356,134.39730834960938
13.433033561706543,134.39720458984374
13.640804862976074,134.39608764648438
13.846631813049317,134.39418334960936
14.05051383972168,134.39173278808593
14.252451705932618,134.3889617919922
14.452431297302246,134.3861083984375
14.652410888671875,134.3832550048828
14.852390480041503,134.38040161132812
15.052370071411133,134.37754821777344
15.252349853515625,134.37469482421875
15.452329635620117,134.37184448242186
15.65230941772461,134.368994140625
15.852289199829102,134.36614379882812
16.052268981933594,134.36329345703126
16.25224838256836,134.36044311523438
16.452228164672853,134.3575897216797
16.652207565307616,134.354736328125
16.852186965942384,134.3518829345703
17.052166366577147,134.34902954101562
17.25214614868164,134.34617614746094
17.452125549316406,134.34332275390625
17.6521053314209,134.34046936035156
17.85208511352539,134.33761596679688
18.052064895629883,134.3347625732422
18.252044677734375,134.3319091796875
18.452024459838867,134.3290557861328
18.65200424194336,134.32620239257812
18.85198402404785,134.32335205078124
19.051963806152344,134.32050170898438
19.25194320678711,134.3176513671875
19.451922988891603,134.31480102539064
19.651902389526366,134.31195068359375
19.851881790161134,134.30909729003906
20.051861190795897,134.30624389648438
20.25184097290039,134.3033905029297
20.451820373535156,134.300537109375
20.690068435668945,134.29713745117186
20.888320541381837,134.2943084716797
21.086572647094727,134.2914794921875
21.284824752807616,134.2886505126953
21.483076858520512,134.28582153320312
21.643060684204105,134.28353881835938
21.843040466308594,134.2806854248047
22.043020248413086,134.27783203125
22.243000030517578,134.2749786376953
22.442979431152345,134.27212524414062
22.64295883178711,134.26927490234374
22.842938232421876,134.26642456054688
23.04291763305664,134.26357421875
23.242897033691406,134.26072387695314
23.4428768157959,134.25787353515625
23.64285659790039,134.25502014160156
23.842836380004883,134.25216674804688
24.042816162109375,134.2493133544922
24.242795944213867,134.2464599609375
24.44277572631836,134.2436065673828
24.64275550842285,134.24075317382812
24.842735290527344,134.23789978027344
25.042715072631836,134.23504638671875
25.242694854736328,134.23219299316406
25.442674255371095,134.22933959960938
25.642654037475587,134.2264862060547
25.84263343811035,134.2236328125
26.042612838745118,134.2207824707031
26.24259223937988,134.21793212890626
26.442572021484374,134.21508178710937
26.64255142211914,134.2122314453125
26.842531204223633,134.20938110351562
27.042510986328125,134.20652770996094
27.242490768432617,134.20367431640625
27.44247055053711,134.20082092285156
27.6424503326416,134.19796752929688
27.842430114746094,134.1951141357422
28.042409896850586,134.1922607421875
28.242389678955078,134.1894073486328
28.442369079589845,134.18655395507812
28.642348861694337,134.18370056152344
28.8423282623291,134.18084716796875
29.042308044433593,134.17799377441406
29.24228744506836,134.17514343261718
29.442267227172852,134.17229309082032
29.642246627807616,134.16944274902343
29.842226409912108,134.16659240722657
30.042205810546875,134.1637420654297
30.242185592651367,134.160888671875
30.44216537475586,134.1580352783203
30.64214515686035,134.15518188476562
30.842124938964844,134.15232849121094
31.04210433959961,134.14947509765625
31.242084121704103,134.14662170410156
31.442063522338866,134.14376831054688
31.64204330444336,134.1409149169922
31.842022705078126,134.1380615234375
32.04200286865235,134.1352081298828
32.24198226928711,134.13235473632812
32.44196243286133,134.12950134277344
32.64194183349609,134.12665100097655
32.84192123413086,134.1238006591797
33.041900634765625,134.1209503173828
33.24188079833984,134.11809997558595
33.44186019897461,134.11524963378906
33.641839599609376,134.11239624023438
33.841819763183594,134.1095428466797
34.04179916381836,134.106689453125
34.24177856445313,134.1038360595703
34.44175796508789,134.10098266601562
34.64173812866211,134.09812927246094
34.84171752929687,134.09527587890625
35.0416976928711,134.09242248535156
35.24167709350586,134.08956909179688
35.44165725708008,134.0867156982422
35.64163665771484,134.0838623046875
35.84161605834961,134.0810089111328
36.041595458984375,134.07815856933593
36.24157562255859,134.07530822753907
36.44155502319336,134.07245788574218
36.641534423828126,134.06960754394532
36.841514587402344,134.06675720214844
37.04149475097656,134.06390380859375
37.24147415161133,134.06105041503906
37.441453552246095,134.05819702148438
37.64143371582031,134.0553436279297
37.84141311645508,134.052490234375
38.04139175415039,134.0496368408203
38.241371154785156,134.04678344726562
38.441351318359374,134.04393005371094
38.64133071899414,134.04107666015625
38.84131011962891,134.03822326660156
39.041290283203125,134.03536987304688
39.24127044677734,134.0325164794922
39.44124984741211,134.0296661376953
39.641229248046876,134.02681579589844
39.841209411621094,134.02396545410156
40.04118957519531,134.0211151123047
40.24116897583008,134.0182647705078
40.441148376464845,134.01541137695312
40.64112854003906,134.01255798339844
40.84110794067383,134.00970458984375
41.04108657836914,134.00685119628906
41.241065979003906,134.00399780273438
41.441046142578124,134.0011444091797
41.64102554321289,133.998291015625
41.84100494384766,133.9954376220703
42.040985107421875,133.99258422851562
42.24096527099609,133.98973083496094
42.44094467163086,133.98687744140625
42.640924072265626,133.98402709960936
42.840904235839844,133.9811767578125
43.04088439941406,133.97832641601562
43.24086380004883,133.97547607421876
43.440843200683595,133.97262573242188
43.64082336425781,133.9697723388672
43.84080276489258,133.9669189453125
44.04078140258789,133.9640655517578
44.240760803222656,133.96121215820312
44.440740966796874,133.95835876464844
44.64072036743164,133.95550537109375
44.84069976806641,133.95265197753906
45.040679931640625,133.94979858398438
45.24066009521484,133.9469451904297
45.44063949584961,133.944091796875
45.640618896484376,133.9412384033203
45.840599060058594,133.93838500976562
46.04057922363281,133.93553466796874
46.24055862426758,133.93268432617188
46.440538024902345,133.929833984375
46.64051818847656,133.92698364257814
46.84049758911133,133.92413330078125
47.04047622680664,133.92127990722656
47.240455627441406,133.91842651367188
47.440435791015624,133.9155731201172
47.64041519165039,133.9127197265625
47.84039459228516,133.9098663330078
48.040374755859375,133.90701293945312
48.2403549194336,133.90415954589844
48.44033432006836,133.90130615234375
48.640313720703126,133.89845275878906
48.840293884277344,133.89559936523438
49.04027404785156,133.8927459716797
49.24025344848633,133.889892578125
49.440232849121095,133.8870422363281
49.64021301269531,133.88419189453126
49.84019317626953,133.88134155273437
50.04017181396485,133.8784912109375
50.24015121459961,133.87564086914062
50.44013137817383,133.87278747558594
50.64011077880859,133.86993408203125
50.84008941650391,133.86708068847656
51.040069580078125,133.86422729492188
51.24004974365234,133.8613739013672
51.44002914428711,133.8585205078125
51.640008544921876,133.8556671142578
51.839988708496094,133.85281372070312
52.03996887207031,133.84996032714844
52.23994827270508,133.84710693359375
52.439927673339845,133.84425354003906
52.63990783691406,133.84140014648438
52.83988800048828,133.8385498046875
53.0398666381836,133.83569946289063
53.23984603881836,133.83284912109374
53.43982620239258,133.8299987792969
53.6398063659668,133.8271484375
53.83978500366211,133.8242950439453
54.039765167236325,133.82144165039062
54.23974533081055,133.81858825683594
54.43972549438477,133.81573486328125
54.63970413208008,133.81288146972656
54.839684295654294,133.81002807617188
55.03966445922852,133.8071746826172
55.23964309692383,133.8043212890625
55.43962173461914,133.8014678955078
55.63960189819336,133.79861450195312
55.83958206176758,133.79576110839844
56.03956069946289,133.79290771484375
56.23954086303711,133.79005737304686
56.43952102661133,133.78720703125
56.63950119018555,133.78435668945312
56.83947982788086,133.78150634765626
57.039459991455075,133.77865600585938
57.2394401550293,133.7758026123047
57.43942031860352,133.77294921875
57.63939895629883,133.7700958251953
57.839379119873044,133.76724243164062
58.03935928344727,133.76438903808594
58.23933792114258,133.76153564453125
58.43931655883789,133.75868225097656
58.63929672241211,133.75582885742188
58.83927688598633,133.7529754638672
59.03925552368164,133.7501220703125
59.23923568725586,133.7472686767578
59.43921585083008,133.74441833496093
59.6391960144043,133.74156799316407
59.83917465209961,133.73871765136718
60.039154815673825,133.73586730957032
60.23913497924805,133.73301696777344
60.43911514282227,133.73016357421875
60.63909378051758,133.72731018066406
60.839073944091794,133.72445678710938
61.03905410766602,133.7216033935547
61.23903274536133,133.71875
61.43901138305664,133.7158966064453
61.63899154663086,133.71304321289062
61.83897171020508,133.71018981933594
62.03895034790039,133.70733642578125
62.23893051147461,133.70448303222656
62.43891067504883,133.70162963867188
62.63889083862305,133.6987762451172
62.83886947631836,133.6959259033203
63.038849639892575,133.69307556152344
63.2388298034668,133.69022521972656
63.43880996704102,133.6873748779297
63.638787841796876,133.6845245361328
63.83876724243164,133.68167114257812
64.0387466430664,133.67881774902344
64.23872451782226,133.67596435546875
64.43870239257812,133.67311096191406
64.63868255615235,133.67025756835938
64.83866271972656,133.6674041748047
65.03864135742188,133.66455078125
65.23862152099609,133.6616973876953
65.43860168457032,133.65884399414062
65.63858184814453,133.65599060058594
65.83856048583985,133.65313720703125
66.03854064941406,133.65028381347656
66.23852081298828,133.64743347167968
66.4385009765625,133.64458312988282
66.63847961425782,133.64173278808593
66.83845977783203,133.63888244628907
67.03843994140625,133.6360321044922
67.23841857910156,133.6331787109375
67.43839721679687,133.6303253173828
67.6383773803711,133.62747192382812
67.8383575439453,133.62461853027344
68.03833618164063,133.62176513671875
68.23831634521484,133.61891174316406
68.43829650878907,133.61605834960938
68.63827667236328,133.6132049560547
68.8382553100586,133.6103515625
69.03823547363281,133.6074981689453
69.23821563720703,133.60464477539062
69.43819580078124,133.60179138183594
69.63817443847657,133.59894104003905
69.83815460205078,133.5960906982422
70.038134765625,133.5932403564453
70.23811340332031,133.59039001464845
70.43809204101562,133.58753967285156
70.63807220458985,133.58468627929688
70.83805236816406,133.5818328857422
71.03803100585938,133.5789794921875
71.23801116943359,133.5761260986328
71.43799133300782,133.57327270507812
71.63797149658203,133.57041931152344
71.83795013427735,133.56756591796875
72.03793029785156,133.56471252441406
72.23791046142578,133.56185913085938
72.437890625,133.5590057373047
72.63786926269532,133.55615234375
72.83784942626953,133.5533020019531
73.03782958984375,133.55045166015626
73.23780822753906,133.54760131835937
73.43778686523437,133.5447509765625
73.6377670288086,133.54190063476562
73.8377471923828,133.53904724121094
74.03772583007813,133.53619384765625
74.23770599365234,133.53334045410156
74.43768615722657,133.53048706054688
74.63766632080078,133.5276336669922
74.8376449584961,133.5247802734375
75.03762512207031,133.5219268798828
75.23760528564453,133.51907348632812
75.43758544921874,133.51622009277344
75.63756408691407,133.51336669921875
75.83754425048828,133.51051330566406
76.0375244140625,133.50765991210938
76.23750305175781,133.5048095703125
76.43748168945312,133.50195922851563
76.63746185302735,133.49910888671874
76.83744201660156,133.4962585449219
77.03742065429688,133.493408203125
77.23740081787109,133.4905548095703
77.43738098144532,133.48770141601562
77.63736114501953,133.48484802246094
77.83733978271485,133.48199462890625
78.03731994628906,133.47914123535156
78.23730010986328,133.47628784179688
78.4372802734375,133.4734344482422
78.63725891113282,133.4705810546875
78.83723907470703,133.4677276611328
79.03721923828125,133.46487426757812
79.23719787597656,133.46202087402344
79.43717651367187,133.45916748046875
79.6371566772461,133.45631713867186
79.8371368408203,133.453466796875
80.03711547851563,133.45061645507812
80.23709564208984,133.44776611328126
80.43707580566407,133.44491577148438
80.63705596923828,133.4420623779297
80.8370346069336,133.439208984375
81.03701477050781,133.4363555908203
81.23699493408203,133.43350219726562
81.43697509765624,133.43064880371094
81.63695373535157,133.42779541015625
81.83693389892578,133.42494201660156
82.0369140625,133.42208862304688
82.23689270019531,133.4192352294922
82.43687133789062,133.4163818359375
82.63685150146485,133.4135284423828
82.83683166503906,133.41067504882812
83.03681030273438,133.40782470703124
83.23679046630859,133.40497436523438
83.43677062988282,133.4021240234375
83.63675079345703,133.39927368164064
83.83672943115235,133.39642333984375
84.03670959472656,133.39356994628906
84.23668975830078,133.39071655273438
84.436669921875,133.3878631591797
84.63664855957032,133.385009765625
84.83662872314453,133.3821563720703
85.03660736083984,133.37930297851562
85.23658599853516,133.37644958496094
85.43656463623047,133.37359619140625
85.63654479980468,133.37074279785156
85.8365234375,133.36788940429688
86.03650360107422,133.3650360107422
86.23648376464844,133.3621856689453
86.43646392822265,133.35933532714844
86.63644256591797,133.35648498535156
86.83642272949218,133.3536346435547
87.03640289306641,133.3507843017578
87.23638305664062,133.34793090820312
87.43636169433594,133.34507751464844
87.63634185791015,133.34222412109375
87.83632202148438,133.33937072753906
88.03630218505859,133.33651733398438
88.23628082275391,133.3336639404297
88.43626098632812,133.330810546875
88.63624114990235,133.3279571533203
88.83621978759766,133.32510375976562
89.03619842529297,133.32225036621094
89.23617858886719,133.31939697265625
89.4361587524414,133.31654357910156
89.63613739013672,133.31369323730468
89.83611755371093,133.31084289550782
90.03609771728516,133.30799255371093
90.23607788085937,133.30514221191407
90.4360565185547,133.3022918701172
90.6360366821289,133.2994384765625
90.83601684570313,133.2965850830078
91.03599700927734,133.29373168945312
91.23597564697266,133.29087829589844
91.43595581054687,133.28802490234375
91.6359359741211,133.28517150878906
91.8359146118164,133.28231811523438
92.03589324951172,133.2794647216797
92.23587341308594,133.276611328125
92.43585357666015,133.2737579345703
92.63583221435547,133.27090454101562
92.83581237792968,133.26805114746094
93.03579254150391,133.26520080566405
93.23577270507812,133.2623504638672
93.43575134277344,133.2595001220703
93.63573150634765,133.25664978027345
93.83571166992188,133.25379943847656
94.03569183349609,133.25094604492188
94.23567047119141,133.2480926513672
94.43565063476564,133.2452392578125
94.63563079833986,133.2423858642578
94.83560943603516,133.23953247070312
95.03558807373047,133.23667907714844
95.23556823730469,133.23382568359375
95.4355484008789,133.23097229003906
95.63552703857422,133.22811889648438
95.83550720214842,133.2252655029297
96.03548736572264,133.222412109375
96.23546752929687,133.2195587158203
96.4354461669922,133.21670837402343
96.6354263305664,133.21385803222657
96.83540649414063,133.21100769042968
97.03538665771484,133.20815734863282
97.23536529541016,133.20530700683594
97.43534545898437,133.20245361328125
97.6353256225586,133.19960021972656
97.8353042602539,133.19674682617188
98.03528289794923,133.1938934326172
98.23526306152345,133.1910400390625
98.43524322509766,133.1881866455078
98.63522186279297,133.18533325195312
98.83520202636718,133.18247985839844
99.03518218994141,133.17962646484375
99.23516235351562,133.17677307128906
99.43514099121094,133.17391967773438
99.63512115478514,133.1710693359375
99.83510131835936,133.16821899414063
100.03508148193359,133.16536865234374
100.23506011962891,133.1625183105469
100.43504028320312,133.15966796875
100.63502044677735,133.1568145751953
100.83499908447266,133.15396118164062
101.03497772216797,133.15110778808594
101.23495788574219,133.14825439453125
101.4349380493164,133.14540100097656
101.63491668701172,133.14254760742188
101.83489685058593,133.1396942138672
102.03487701416016,133.1368408203125
102.23485717773437,133.1339874267578
102.4348358154297,133.13113403320312
102.6348159790039,133.12828063964844
102.83479614257813,133.12542724609375
103.03477630615234,133.12257690429686
103.23475494384766,133.1197265625
103.43473510742187,133.11687622070312
103.6347152709961,133.11402587890626
103.8346939086914,133.11117553710938
104.03467254638672,133.1083221435547
104.23465270996094,133.10546875
104.43463287353515,133.1026153564453
104.63461151123047,133.09976196289062
104.83459167480468,133.09690856933594
105.03457183837891,133.09405517578125
105.23455200195312,133.09120178222656
105.43453063964844,133.08834838867188
105.63451080322265,133.0854949951172
105.83449096679688,133.0826416015625
106.03447113037109,133.0797882080078
106.23444976806641,133.07693481445312
106.43442993164062,133.07408447265624
106.63441009521485,133.07123413085938
106.83438873291016,133.0683837890625
107.03436737060547,133.06553344726564
107.23434753417969,133.06268310546875
107.4343276977539,133.05982971191406
107.63430633544922,133.05697631835938
107.83428649902343,133.0541229248047
108.03426666259766,133.05126953125
108.23424682617187,133.0484161376953
108.4342254638672,133.04556274414062
108.6342056274414,133.04270935058594
108.83418579101563,133.03985595703125
109.03416595458984,133.03700256347656
109.23414459228516,133.03414916992188
109.43412475585937,133.0312957763672
109.6341049194336,133.0284423828125
109.8340835571289,133.0255920410156
110.03406219482422,133.02274169921876
110.23404235839844,133.01989135742187
110.43402252197265,133.017041015625
110.63400115966797,133.01419067382812
110.83398132324218,133.01133728027344
111.03396148681641,133.00848388671875
111.23394165039062,133.00563049316406
111.43392028808594,133.00277709960938
111.63390045166015,132.9999237060547
111.83388061523438,132.9970703125
112.03386077880859,132.9942169189453
112.23383941650388,132.99136352539062
112.43381958007811,132.98851013183594
112.63379974365235,132.98565673828125
112.83377838134766,132.98280334472656
113.03375701904297,132.97994995117188
113.23373718261719,132.977099609375
113.4337173461914,132.97424926757813
113.63369598388672,132.97139892578124
113.83367614746093,132.9685485839844
114.03365631103516,132.9656982421875
114.23363647460937,132.9628448486328
114.4336151123047,132.95999145507812
114.6335952758789,132.95713806152344
114.83357543945313,132.95428466796875
115.03355560302734,132.95143127441406
115.23353424072266,132.94857788085938
115.43351440429687,132.9457244873047
115.6334945678711,132.94287109375
115.8334732055664,132.9400177001953
116.03345184326172,132.93716430664062
116.23343200683594,132.93431091308594
116.43341217041015,132.93146057128905
116.63339080810547,132.9286102294922
116.83337097167968,132.9257598876953
117.03335113525391,132.92290954589845
117.23333129882812,132.92005920410156
117.43330993652344,132.91720581054688
117.63329010009765,132.9143524169922
117.83327026367188,132.9114990234375
118.03325042724609,132.9086456298828
118.23322906494141,132.90579223632812
118.43320922851562,132.90293884277344
118.63318939208985,132.90008544921875
118.83316802978516,132.89723205566406
119.03314666748047,132.89437866210938
119.23312683105469,132.8915252685547
119.4331069946289,132.888671875
119.63308563232422,132.8858184814453
119.83306579589843,132.88296813964843
120.03304595947266,132.88011779785157
120.23302612304687,132.87726745605468
120.4330047607422,132.87441711425782
120.6329849243164,132.87156677246094
120.83296508789063,132.86871337890625
121.03294525146484,132.86585998535156
121.23292388916016,132.86300659179688
121.43290405273437,132.8601531982422
121.6328842163086,132.8572998046875
121.8328628540039,132.8544464111328
122.03284149169922,132.85159301757812
122.23282165527344,132.84873962402344
122.43280181884765,132.84588623046875
122.63278045654297,132.84303283691406
122.83276062011718,132.84017944335938
123.03274078369141,132.8373260498047
123.23272094726562,132.8344757080078
123.43269958496094,132.83162536621094
123.63267974853515,132.82877502441406
123.83265991210938,132.8259246826172
124.03264007568359,132.8230743408203
124.23261871337888,132.82022094726562
124.43259887695311,132.81736755371094
124.63257904052735,132.81451416015625
124.83255767822266,132.81166076660156
125.03253631591797,132.80880737304688
125.23251647949219,132.8059539794922
125.4324966430664,132.8031005859375
125.63247528076172,132.8002471923828
125.83245544433593,132.79739379882812
126.03243560791016,132.79454040527344
126.23241577148437,132.79168701171875
126.4323944091797,132.78883361816406
126.6323745727539,132.78598327636718
126.83235473632813,132.78313293457032
127.03233489990234,132.78028259277343
127.23231353759766,132.77743225097657
127.43229370117187,132.7745819091797
127.632275390625,132.771728515625
127.83225708007812,132.7688751220703
128.03223876953126,132.76602172851562
128.2322219848633,132.76316833496094
128.4322052001953,132.76031494140625
128.63218383789064,132.75746154785156
128.83216247558593,132.75460815429688
129.03214111328126,132.7517547607422
129.23211975097655,132.7489013671875
129.43209838867188,132.7460479736328
129.632080078125,132.74319458007812
129.83206176757812,132.74034423828124
130.03204345703125,132.73749389648438
130.23202209472657,132.7346435546875
130.4334289550781,132.73170776367186
130.63664855957032,132.728466796875
130.8416748046875,132.72470092773438
131.0485046386719,132.7201934814453
131.25712890625,132.71473083496093
131.4661102294922,132.7081787109375
131.67505493164063,132.7005401611328
131.8839569091797,132.6918182373047
132.09281005859376,132.68201293945313
132.30160827636718,132.6711212158203
132.51034545898438,132.65914916992188
132.7190185546875,132.64609375
132.92762145996093,132.63195190429687
133.13614807128906,132.61672668457032
133.34459533691407,132.6004211425781
133.5529571533203,132.5830291748047
133.76122436523437,132.56455688476564
133.96939086914062,132.5450012207031
134.17745361328124,132.5243682861328
134.38540649414062,132.50265502929688
134.59324340820314,132.4798583984375
134.80095825195312,132.45598449707032
135.0085479736328,132.4310333251953
135.21600341796875,132.40500183105468
135.42332153320314,132.37789001464844
135.6304962158203,132.3497100830078
135.8375244140625,132.32044982910156
136.04439697265624,132.2901184082031
136.25110778808593,132.2587097167969
136.45765380859376,132.22623291015626
136.66402587890624,132.19267883300782
136.87022094726564,132.15805358886718
137.07623596191405,132.12235412597656
137.2820617675781,132.08558959960936
137.4876922607422,132.04775390625
137.69312744140626,132.00885314941405
137.89835510253906,131.96888732910156
138.103369140625,131.9278564453125
138.30816955566405,131.88576049804686
138.51275024414062,131.84259948730468
138.71710205078125,131.79837646484376
138.9212219238281,131.75309143066406
139.12510681152344,131.70674743652344
139.32874755859376,131.6593475341797
139.53213806152343,131.610888671875
139.7352722167969,131.56137390136718
139.93815002441406,131.51080627441405
140.14075927734376,131.45918884277344
140.3430969238281,131.4065155029297
140.54515991210937,131.35279541015626
140.74694213867187,131.29802551269532
140.94843444824218,131.2422088623047
141.1496368408203,131.18534240722656
141.3505432128906,131.12743225097657
141.55114135742187,131.0684783935547
141.75143127441407,131.00848388671875
141.95140686035157,130.94744873046875
142.15106506347655,130.8853759765625
142.35039672851562,130.82227172851563
142.54940185546874,130.7581298828125
142.7480712890625,130.69295959472657
142.94639892578124,130.6267578125
143.14437561035157,130.5595275878906
143.34200134277344,130.49126586914062
143.53927001953124,130.42198181152344
143.73617553710938,130.35166931152344
143.93271484375,130.28033752441405
144.1288818359375,130.2079864501953
144.32467041015624,130.13461608886718
144.52007141113282,130.06023254394532
144.715087890625,129.98483581542968
144.90970764160156,129.9084259033203
145.1039276123047,129.831005859375
145.29774475097656,129.75257873535156
145.49115295410155,129.67314453125
145.68414306640625,129.59270629882812
145.87671508789063,129.51126708984376
146.06886291503906,129.4288299560547
146.2605773925781,129.34539489746095
146.45185546875,129.2609649658203
146.64269409179687,129.17554321289063
146.8330841064453,129.0891326904297
147.0230255126953,129.0017333984375
147.21250915527344,128.9133514404297
147.4015350341797,128.82398681640626
147.5900909423828,128.7336395263672
147.778173828125,128.6423126220703
147.9657775878906,128.55000915527344
148.15290222167968,128.45673217773438
148.33953857421875,128.36248474121095
148.52568359375,128.26726989746095
148.71133422851562,128.17109069824218
148.8964813232422,128.0739486694336
149.08111877441405,127.97584838867188
149.26524658203124,127.87678833007813
149.4488555908203,127.77677612304687
149.63194580078124,127.67580871582031
149.81450805664062,127.57389373779297
149.9965393066406,127.47102966308594
150.17803039550782,127.36722259521484
150.35898132324218,127.2624725341797
150.5393829345703,127.156787109375
150.7192352294922,127.05016479492187
150.89853210449218,126.94261016845704
151.0772705078125,126.83412475585938
151.25544128417968,126.72471313476562
151.43304138183595,126.61437530517578
151.61006774902344,126.50311889648438
151.78651123046876,126.3909423828125
151.96237182617188,126.2778549194336
152.13764343261718,126.16385345458984
152.31231994628905,126.04894561767578
152.48639831542968,125.9331283569336
152.65987243652344,125.81641082763672
152.83273315429688,125.69879150390625
153.00498657226564,125.58027801513671
153.17662048339844,125.46087036132812
153.34762878417968,125.3405746459961
153.51801147460938,125.21939239501953
153.68776245117186,125.09732513427734
153.85687255859375,124.97437896728516
154.0253479003906,124.85055541992188
154.19317626953125,124.72585906982422
154.36035766601563,124.6002914428711
154.52688293457032,124.47385864257812
154.6927490234375,124.34656219482422
154.85794982910156,124.2184051513672
155.0224853515625,124.08939208984376
155.18634643554688,123.95952758789062
155.3495330810547,123.82881469726563
155.5120391845703,123.69725341796875
155.67385864257812,123.56485137939453
155.8349853515625,123.43161010742188
155.99541931152345,123.29753265380859
156.1551544189453,123.16262359619141
156.3141876220703,123.02688751220703
156.4725128173828,122.89032745361328
156.630126953125,122.75294799804688
156.78702697753906,122.61475067138672
156.94320983886718,122.47574005126953
157.09866638183593,122.33592071533204
157.2533935546875,122.19529724121094
157.4073913574219,122.05386962890626
157.5606475830078,121.91164703369141
157.71316223144532,121.76862945556641
157.86493225097655,121.62482147216797
158.01595458984374,121.4802261352539
158.16622314453124,121.33484802246093
158.31573791503905,121.18869171142578
158.46448974609376,121.04176025390625
158.61247863769532,120.89405975341796
158.75969543457032,120.74559173583984
158.9061065673828,120.59639892578124
159.0517120361328,120.44648895263671
159.1965087890625,120.2958755493164
159.3405029296875,120.14456329345703
159.48369750976562,119.99256134033203
159.6261199951172,119.8398422241211
159.76776733398438,119.68640747070313
159.908642578125,119.53225860595703
160.04873657226562,119.37740173339844
160.18804321289062,119.22183990478516
160.32656860351562,119.06557769775391
160.46430358886718,118.9086181640625
160.6012451171875,118.75096588134765
160.73739013671874,118.59262390136719
160.87273559570312,118.43359832763672
161.007275390625,118.27389221191406
161.14100952148436,118.11351013183594
161.2739288330078,117.95245513916015
161.40603332519532,117.79073028564453
161.53732299804688,117.62834167480469
161.66778869628905,117.46529083251953
161.79743347167968,117.30158386230468
161.92625122070314,117.13722534179688
162.05423889160156,116.97221984863282
162.18139038085937,116.80657196044922
162.30770568847657,116.64028472900391
162.43317565917968,116.47336120605469
162.55780944824218,116.3058074951172
162.681591796875,116.13762817382812
162.80452575683594,115.96882476806641
162.92660522460938,115.79940338134766
163.0478302001953,115.6293701171875
163.1681915283203,115.45872497558594
163.28769226074218,115.2874755859375
163.4063293457031,115.1156234741211
163.52409973144532,114.94317779541015
163.64099731445313,114.7701400756836
163.75701904296875,114.59651489257813
163.87216491699218,114.42230529785157
163.9864288330078,114.24751739501953
164.0998077392578,114.07215423583985
164.2123016357422,113.89622192382812
164.32390747070312,113.7197250366211
164.43462219238282,113.54266815185547
164.54444274902343,113.36505432128907
164.6533660888672,113.1868896484375
164.76139221191406,113.0081771850586
164.86851196289064,112.82891998291015
164.9747283935547,112.64912567138671
165.0800323486328,112.4688003540039
165.1844268798828,112.28794403076172
165.28790283203125,112.10656280517578
165.39046630859374,111.92466430664062
165.4921081542969,111.74224853515625
165.59283142089845,111.55932312011718
165.6926300048828,111.37589111328126
165.79150390625,111.19195861816407
165.8894500732422,111.00752868652344
165.98646240234376,110.8226089477539
166.0825408935547,110.63720092773437
166.17768249511718,110.45130920410156
166.27188415527343,110.26493988037109
166.36514282226562,110.07809906005859
166.45746154785155,109.89078979492187
166.548828125,109.70301666259766
166.63924865722657,109.51478729248046
166.72872009277344,109.32610321044922
166.8172393798828,109.13696899414063
166.90480041503906,108.9473892211914
166.9914093017578,108.75737152099609
167.07705383300782,108.5669189453125
167.16173706054687,108.37603759765625
167.24545593261718,108.18473205566406
167.32821044921874,107.99300689697266
167.40999450683594,107.80086517333984
167.49081115722657,107.60831451416016
167.5706573486328,107.41535797119141
167.64952697753907,107.22200164794921
167.7274169921875,107.02825012207032
167.80433349609376,106.8341079711914
167.88026733398436,106.63957977294922
167.95521545410156,106.44467163085938
168.02918090820313,106.24938507080078
168.10216064453124,106.05372924804688
168.1741485595703,105.85770874023437
168.24514770507812,105.6613265991211
168.31515808105468,105.46458892822265
168.38417358398436,105.26750183105469
168.4521942138672,105.070068359375
168.51922302246095,104.8722930908203
168.58525390625,104.67418365478515
168.65028076171876,104.47574310302734
168.714306640625,104.2769775390625
168.77732849121094,104.07789001464843
168.83934326171874,103.87848815917968
168.90035095214844,103.67877502441407
168.9603515625,103.47875671386718
169.01934204101562,103.27843780517578
169.07732238769532,103.07782592773438
169.13428649902343,102.87692260742188
169.19023742675782,102.67573547363281
169.24517517089845,102.47426910400391
169.2990966796875,102.27252807617188
169.35199584960938,102.07051696777344
169.40387878417968,101.86824188232421
169.45473937988282,101.66570739746093
169.50457458496095,101.46291656494141
169.5533874511719,101.25987854003907
169.60118103027344,101.05659637451171
169.64794311523437,100.853076171875
169.6936767578125,100.64932250976562
169.73838500976564,100.44534301757812
169.7820617675781,100.2411392211914
169.8247039794922,100.03671722412109
169.86632080078124,99.83208312988282
169.9069061279297,99.62724151611329
169.94645080566406,99.42219696044921
169.9849609375,99.21695556640626
170.02244262695314,99.0115234375
170.0588836669922,98.80590362548828
170.0942840576172,98.60010375976563
170.12865295410157,98.39412841796874
170.16198120117187,98.18798065185547
170.1942626953125,97.9816680908203
170.22550354003906,97.7751968383789
170.25570373535157,97.56856842041016
170.28485717773438,97.36179046630859
170.31297302246094,97.15486907958984
170.3400451660156,96.94780731201172
170.36607055664064,96.74061126708985
170.39104919433595,96.53328857421874
170.41498413085938,96.32584075927733
170.4378692626953,96.11827545166015
170.45970458984374,95.91059722900391
170.4804931640625,95.70281219482422
170.50023803710937,95.4949234008789
170.51893310546876,95.2869384765625
170.5365753173828,95.07886199951172
170.55317077636718,94.87070007324219
170.56871337890624,94.66245574951172
170.5832061767578,94.45413665771484
170.59664611816407,94.24574737548828
170.60903930664062,94.03729400634765
170.62037658691406,93.82877960205079
170.6306640625,93.62021026611328
170.63989868164063,93.41159210205078
170.64807739257813,93.20292816162109
170.6552001953125,92.99422607421874
170.6612762451172,92.78549041748047
170.66629943847656,92.57672729492188
170.67026977539064,92.3679412841797
170.67318725585938,92.15914001464844
170.67510375976562,91.95155181884766
170.67621765136718,91.74572296142578
170.67673950195314,91.54165649414062
170.6768798828125,91.33935241699218
170.67685241699218,91.13881378173828
170.67681579589845,90.93881378173828
170.67677612304686,90.73881378173829
170.67673950195314,90.53881378173828
170.67669982910155,90.33881378173828
170.67666320800782,90.13881378173828
170.67662353515624,89.93881378173828
170.6765869140625,89.73881378173829
170.67654418945312,89.51481323242187
170.6765106201172,89.33081359863282
170.67647705078124,89.14681396484374
170.67644348144532,88.96281433105469
170.67640991210936,88.77681427001953
170.6763885498047,88.65481414794922
170.67636108398438,88.49281463623046
170.67633056640625,88.33081359863282
170.67630310058593,88.16881408691407
170.6762725830078,88.0088134765625
170.67623596191407,87.8088134765625
170.6761962890625,87.6088134765625
170.67615966796876,87.4088134765625
170.67611999511718,87.2088134765625
170.67608337402345,87.0088134765625
170.67604370117186,86.8088134765625
170.67600708007814,86.6088134765625
170.67596740722655,86.4088134765625
170.67593078613282,86.2088134765625
170.67589111328124,86.0088134765625
170.6758544921875,85.8088134765625
170.67581481933593,85.6088134765625
170.6757781982422,85.4088134765625
170.6757385253906,85.2088134765625
170.6757019042969,85.0088134765625
170.6756622314453,84.8068130493164
170.67563171386718,84.64481201171876
170.67560119628905,84.4828125
170.67557067871093,84.32081146240235
170.6755401611328,84.1588119506836
170.67550964355468,83.99881134033203
170.67546691894532,83.77681121826171
170.67543029785156,83.59481048583984
170.67539672851564,83.41281127929688
170.67536010742188,83.230810546875
170.67532653808593,83.04881134033204
170.6752960205078,82.88881072998046
170.67525939941407,82.68881072998047
170.6752197265625,82.48881072998047
170.67518310546876,82.28881072998047
170.67514343261718,82.08881072998047
170.67510681152345,81.88881072998046
170.67506713867186,81.68881072998047
170.67503051757814,81.48881072998047
170.67499084472655,81.28881072998047
170.67495422363282,81.08881072998047
170.67491455078124,80.88881072998046
170.6748779296875,80.68881072998047
170.67483825683593,80.48881072998047
170.6748016357422,80.28881072998047
170.6747619628906,80.08881072998047
170.6747253417969,79.88881072998046
170.6746856689453,79.68881072998047
170.67464904785157,79.48881072998047
170.674609375,79.28881072998047
170.67456665039063,79.05281066894531
170.67453002929688,78.8568115234375
170.67449645996095,78.66081237792969
170.6744598388672,78.46481170654297
170.67442626953124,78.26881256103516
170.6743957519531,78.10881195068359
170.6743591308594,77.9088119506836
170.6743194580078,77.7088119506836
170.67428283691407,77.5088119506836
170.6742431640625,77.30881195068359
170.67420349121093,77.10873718261719
170.6741455078125,76.90754547119141
170.67365112304688,76.70170440673829
170.6721221923828,76.49122314453125
170.6689697265625,76.2761215209961
170.6635986328125,76.0564971923828
170.65542907714843,75.83342742919922
170.64429626464843,75.61048583984375
170.6302001953125,75.38771209716796
170.61314086914064,75.16514282226562
170.59312744140624,74.942822265625
170.57016296386718,74.72078704833984
170.54424743652345,74.49907531738282
170.51538696289063,74.27772827148438
170.48359069824218,74.0567855834961
170.44885864257813,73.83628387451172
170.41119995117188,73.61626281738282
170.37062072753906,73.39676208496094
170.3271270751953,73.17782135009766
170.28072509765624,72.95947570800782
170.23142700195314,72.74176788330078
170.17923889160156,72.52473449707031
170.1241668701172,72.30841522216797
170.06622619628905,72.0928451538086
170.00542602539062,71.87806549072266
169.9417724609375,71.6641128540039
169.87528381347656,71.45102386474609
169.80596923828125,71.23883666992188
169.733837890625,71.02759094238282
169.65890808105468,70.81732177734375
169.58119201660156,70.60806732177734
169.50069885253907,70.39986572265624
169.41744689941407,70.19275207519532
169.33144836425782,69.98676300048828
169.2427185058594,69.78193511962891
169.15127258300782,69.57830505371093
169.05712890625,69.37590789794922
168.960302734375,69.1747802734375
168.8608154296875,68.97495727539062
168.75867919921876,68.77647552490234
168.65391235351564,68.5793685913086
168.54653625488282,68.38367004394532
168.4365692138672,68.18941650390624
168.32403259277345,67.99664154052735
168.2089385986328,67.80537872314453
168.09131774902343,67.61566314697265
167.97118225097657,67.42752838134766
167.8485565185547,67.24100646972656
167.7234619140625,67.0561309814453
167.5959228515625,66.87293548583985
167.46595764160156,66.69145050048829
167.33359069824218,66.51170959472657
167.1988494873047,66.33374328613282
167.06174926757814,66.15758514404297
166.92232360839844,65.98326416015625
166.7805938720703,65.81081085205078
166.63658752441407,65.6402572631836
166.49032287597657,65.47163543701171
166.34183349609376,65.30496978759766
166.1911407470703,65.14029388427734
166.03827209472655,64.97763519287109
165.883251953125,64.81702270507813
165.72611389160156,64.65848236083984
165.56687927246094,64.50204620361328
165.40557861328125,64.34774017333984
165.24223937988282,64.19559326171876
165.07733459472655,64.04597702026368
164.91118774414062,63.89902877807617
164.74390563964843,63.75467987060547
164.5755859375,63.61286087036133
164.40633239746094,63.47350234985352
164.23580017089844,63.336185455322266
164.06378784179688,63.200723266601564
163.89031677246095,63.067135620117185
163.7154083251953,62.935437774658205
163.5390838623047,62.805642700195314
163.36136169433593,62.67776641845703
163.18226013183593,62.55182571411133
163.00180358886718,62.427833557128906
162.82001647949218,62.30580444335938
162.6369140625,62.185753631591794
162.45252075195313,62.06769561767578
162.26686401367186,61.95164337158203
162.0799591064453,61.83761138916016
161.89182739257814,61.72561187744141
161.702490234375,61.61565933227539
161.51197509765626,61.50776596069336
161.32029724121094,61.40194396972656
161.1274841308594,61.2982063293457
160.93355407714844,61.19656600952148
160.73854064941406,61.09703369140625
160.5424560546875,60.99962158203125
160.34532775878907,60.90434188842774
160.14717712402344,60.811204528808595
159.94803161621093,60.720220947265624
159.74790954589844,60.63140182495117
159.54683532714844,60.54475708007813
159.34483337402344,60.460297393798825
159.14193115234374,60.37803344726562
158.93814697265626,60.29797439575195
158.73350219726564,60.22012939453125
158.52802734375,60.144507598876956
158.32174682617188,60.0711181640625
158.11468200683595,59.999968719482425
157.9068572998047,59.931068420410156
157.69830017089845,59.86442565917969
157.4890350341797,59.800048828125
157.27908325195312,59.737944793701175
157.06846923828124,59.67812042236328
156.85721740722656,59.62058334350586
156.64535522460938,59.56533966064453
156.4329040527344,59.51239547729492
156.2198913574219,59.46175842285156
156.00634155273437,59.41343460083008
155.7922821044922,59.367427825927734
155.5777374267578,59.32374496459961
155.36273193359375,59.28239059448242
155.1472900390625,59.24336929321289
154.9314392089844,59.206685638427736
154.71520385742187,59.17234497070312
154.49860534667968,59.140351104736325
154.28167419433595,59.11070861816406
154.06443481445314,59.08341903686524
153.84690856933594,59.05848617553711
153.6291290283203,59.03591384887695
153.41111755371094,59.01570358276367
153.19289855957032,58.997857666015626
152.97449645996093,58.98237915039063
152.75594482421874,58.969269561767575
152.53725891113282,58.95852966308594
152.31847229003907,58.95016098022461
152.0996063232422,58.9441650390625
151.88348693847655,58.940406036376956
151.67109375,58.93842391967773
151.44231872558595,58.93779602050781
151.25733032226563,58.93789291381836
151.07613830566407,58.93834228515625
150.89594421386718,58.93880615234375
150.71578369140624,58.93927001953125
150.5557830810547,58.93968200683594
150.35578308105468,58.94019622802735
150.1557830810547,58.94071044921875
149.95578308105468,58.94122467041016
149.7557830810547,58.94173889160156
149.5557861328125,58.94225311279297
149.3557861328125,58.94276809692383
149.1557861328125,58.94328308105469
148.9557861328125,58.94379806518555
148.7557861328125,58.944312286376956
148.5557861328125,58.94482650756836
148.3557891845703,58.94534072875977
148.15578918457032,58.94585494995117
147.9557891845703,58.94636917114258
147.75578918457032,58.94688415527344
147.5557891845703,58.9473991394043
147.3557891845703,58.947914123535156
147.15579223632812,58.948428344726565
146.95579528808594,58.94894256591797
146.75579528808595,58.949456787109376
146.55579528808593,58.94997100830078
146.35579528808594,58.95048522949219
146.15579528808593,58.95100021362305
145.95579528808594,58.951515197753906
145.75579833984375,58.952030181884766
145.53580017089843,58.952596282958986
145.35580139160157,58.953059387207034
145.1758026123047,58.953522491455075
144.9958038330078,58.953985595703124
144.81580505371093,58.95444869995117
144.6558044433594,58.95486068725586
144.45580444335937,58.95537490844727
144.25580444335938,58.95588912963867
144.05580444335936,58.95640335083008
143.85580444335938,58.95691757202148
143.6558074951172,58.95743179321289
143.4558074951172,58.95794677734375
143.25580749511718,58.95846176147461
143.0558074951172,58.95897674560547
142.85580749511718,58.95949096679688
142.6558074951172,58.96000518798828
142.455810546875,58.96051940917969
142.2558135986328,58.96103363037109
142.05581359863282,58.9615478515625
141.8558135986328,58.96206283569336
141.6518127441406,58.96258773803711
141.48781127929686,58.963009643554685
141.3238098144531,58.96343154907227
141.1598114013672,58.963853454589845
140.99581298828124,58.96427536010742
140.8358123779297,58.96468734741211
140.63581237792968,58.96520156860352
140.4358123779297,58.96571578979492
140.23581237792968,58.96623001098633
140.0358123779297,58.96674423217773
139.8358154296875,58.96725845336914
139.6358154296875,58.9677734375
139.4358154296875,58.96828842163086
139.2358154296875,58.96880340576172
139.0358154296875,58.96931762695313
138.8358154296875,58.96983184814453
138.6358184814453,58.97034606933594
138.43581848144532,58.97086029052734
138.2358184814453,58.97137451171875
138.03581848144532,58.97188949584961
137.8358184814453,58.97240447998047
137.6358184814453,58.97291946411133
137.43582153320312,58.97343368530274
137.2158233642578,58.97399978637695
137.03582458496095,58.974462890625
136.81982421875,58.97501831054687
136.6438232421875,58.97547073364258
136.467822265625,58.97592391967773
136.31182250976562,58.97632522583008
136.1158233642578,58.976829528808594
135.95582275390626,58.97724151611328
135.75582275390624,58.97775573730469
135.55582275390626,58.97826995849609
135.35582275390624,58.9787841796875
135.15582275390625,58.9792984008789
134.95582580566406,58.97981262207031
134.75582580566407,58.98032760620117
134.55582580566406,58.98084259033203
134.35582580566407,58.98135757446289
134.15582580566405,58.9818717956543
133.95582580566406,58.9823860168457
133.75582885742188,58.98290023803711
133.5558319091797,58.98341445922851
133.3558319091797,58.98392868041992
133.15583190917968,58.98444366455078
132.9558319091797,58.98495864868164
132.75583190917968,58.9854736328125
132.5558319091797,58.98598785400391
132.3558349609375,58.98650207519531
132.1558349609375,58.98701629638672
131.9558349609375,58.98753051757812
131.7558349609375,58.98804473876953
131.5558349609375,58.98855972290039
131.3558349609375,58.98907470703125
131.1558380126953,58.98958969116211
130.95583801269532,58.99010467529297
130.7558380126953,58.99061889648438
130.55583801269532,58.99113311767578
130.3558380126953,58.99164733886719
130.1558380126953,58.99216156005859
129.95584106445312,58.99267578125
129.75584411621094,58.99319076538086
129.55584411621095,58.99370574951172
129.35584411621093,58.99422073364258
129.15584411621094,58.99473495483399
128.95584411621093,58.99524917602539
128.75584411621094,58.9957633972168
128.55584716796875,58.9962776184082
128.35584869384766,58.99679183959961
128.15584869384764,58.99730682373047
127.95584869384766,58.99782180786133
127.75584869384765,58.99833679199219
127.55584869384765,58.9988510131836
127.35584869384766,58.999365234375
127.15585021972656,58.99987945556641
126.95585174560547,59.00039367675781
126.75585174560547,59.00090789794922
126.55585174560547,59.00142288208008
126.35585327148438,59.00193786621094
126.15585327148438,59.0024528503418
125.95585327148437,59.002967834472656
125.75585479736328,59.003482055664065
125.55585479736328,59.00399627685547
125.35585479736328,59.004510498046876
125.15585632324219,59.00502471923828
124.95585784912109,59.00553894042969
124.7558578491211,59.00605392456055
124.555859375,59.006568908691406
124.35586090087891,59.007083892822266
124.1558609008789,59.007598114013675
123.9558609008789,59.00811233520508
123.75586242675782,59.008626556396486
123.55586242675781,59.00914077758789
123.35586242675781,59.0096549987793
123.15586395263672,59.010169982910156
122.95586395263672,59.010684967041016
122.75586395263672,59.011199951171875
122.55586547851563,59.011714172363284
122.35586700439453,59.012228393554686
122.15586700439451,59.012742614746095
121.95586853027343,59.0132568359375
121.75586853027343,59.013771057128906
121.55586853027344,59.014286041259766
121.35586853027344,59.014801025390625
121.15587005615234,59.015316009521484
120.95587005615235,59.015830993652344
120.75587158203125,59.01634521484375
120.55587310791016,59.016859436035155
120.35587310791016,59.017373657226564
120.15587310791015,59.017887878417966
119.95587463378907,59.018402099609375
119.75587463378906,59.018917083740234
119.55587463378906,59.019432067871094
119.35587615966797,59.01994705200195
119.15587615966797,59.02046127319336
118.95587615966797,59.020975494384764
118.75587768554688,59.02148971557617
118.55587921142578,59.022003936767575
118.35587921142579,59.022518157958984
118.15588073730468,59.023033142089844
117.95588073730468,59.0235481262207
117.7558807373047,59.02406311035156
117.55588073730469,59.02457733154297
117.35588226318359,59.025091552734374
117.1558822631836,59.02560577392578
116.9558837890625,59.026119995117185
116.75588531494141,59.026634216308594
116.5558853149414,59.02714920043945
116.3558853149414,59.02766418457031
116.15588684082032,59.02817916870117
115.95588836669921,59.02869415283203
115.75588836669922,59.02920837402344
115.55588989257812,59.02972259521484
115.35588989257812,59.03023681640625
115.15588989257813,59.03075103759765
114.95588989257813,59.03126525878906
114.75589141845703,59.03178024291992
114.55589141845704,59.03229522705078
114.35589294433593,59.03281021118164
114.15589294433593,59.03332443237305
113.95589294433594,59.03383865356445
113.75589294433594,59.03435287475586
113.55589447021484,59.03486709594726
113.35589447021485,59.03538131713867
113.15589599609375,59.03589630126953
112.95589752197266,59.03641128540039
112.75589752197266,59.03692626953125
112.55589752197265,59.03744049072266
112.35589904785157,59.03795471191406
112.15590057373046,59.03846893310547
111.95590057373047,59.03898315429687
111.75590209960937,59.03949737548828
111.55590209960937,59.04001235961914
111.35590209960938,59.04052734375
111.15590209960938,59.04104232788086
110.95590362548828,59.04155731201172
110.75590362548829,59.04207153320313
110.55590515136718,59.04258575439453
110.3559066772461,59.04309997558594
110.1559066772461,59.04361419677734
109.95590667724609,59.04412841796875
109.755908203125,59.04464340209961
109.5559097290039,59.04515838623047
109.35590972900391,59.04567337036133
109.15591125488281,59.04618759155274
108.9559112548828,59.04670181274414
108.75591125488282,59.04721603393555
108.55591125488282,59.04773025512695
108.35591278076171,59.04824447631836
108.15591278076172,59.04875946044922
107.95591430664062,59.04927444458008
107.75591430664062,59.04978942871094
107.55591430664063,59.05030364990235
107.35591430664063,59.05081787109375
107.15591583251953,59.05133209228516
106.95591583251954,59.05184631347656
106.75591735839843,59.05236053466797
106.55591888427735,59.05287551879883
106.3219207763672,59.0534782409668
106.12792205810547,59.053977966308594
105.93392486572266,59.05447769165039
105.73992614746093,59.05497741699219
105.54592742919922,59.055477142333984
105.38592834472657,59.05588912963867
105.18592834472656,59.05640335083008
104.98592834472656,59.05691757202148
104.78592987060547,59.05743179321289
104.58592987060547,59.057946014404294
104.38592987060547,59.0584602355957
104.18593139648438,59.05897521972656
103.98593139648438,59.05949020385742
103.7892852783203,59.05984878540039
103.59658813476562,59.05964965820313
103.40784454345703,59.058484649658205
103.22306823730469,59.055947875976564
103.04227600097656,59.05163345336914
102.86213531494141,59.04529342651367
102.68207702636718,59.036921691894534
102.5021255493164,59.02652206420898
102.32230072021486,59.014094543457034
102.14263000488282,58.99964218139648
101.96313171386718,58.98316421508789
101.78383026123046,58.96466598510742
101.60474853515625,58.94414749145508
101.42591094970703,58.92161331176758
101.24733581542968,58.897063446044925
101.06905059814453,58.87050323486328
100.89107513427734,58.84193420410156
100.71343231201172,58.81136245727539
100.53614654541016,58.77878952026367
100.35923919677734,58.74422149658203
100.18273162841797,58.707662200927736
100.00664825439455,58.669115447998045
99.83101196289064,58.62858657836914
99.65584106445313,58.58608169555664
99.48116302490234,58.541605377197264
99.30699615478515,58.49516143798828
99.13336486816407,58.44675979614258
98.96028900146484,58.39640350341797
98.7877914428711,58.34409942626953
98.61589202880859,58.2898551940918
98.44461669921876,58.23367691040039
98.27398529052735,58.17557144165039
98.10391540527344,58.11550598144531
97.93315277099609,58.05308380126953
97.76166229248047,57.988440704345706
97.58941345214843,57.921714782714844
97.41636810302734,57.85303802490235
97.24259185791016,57.78258590698242
97.06932067871094,57.710897064208986
96.89656677246094,57.63797454833984
96.72433471679688,57.56382293701172
96.5526351928711,57.48844528198242
96.38147888183593,57.41184616088867
96.21087341308592,57.33402862548828
96.04082641601562,57.25499725341797
95.87134704589843,57.1747543334961
95.70244598388672,57.09330596923828
95.53412780761718,57.0106559753418
95.36640319824218,56.9268081665039
95.19928131103515,56.841766357421875
95.03276977539062,56.75553588867187
94.86687469482422,56.668121337890625
94.70160827636718,56.579525756835935
94.53697814941407,56.48975372314453
94.37299194335938,56.39881134033203
94.20965728759765,56.30670166015625
94.04698486328125,56.2134292602539
93.88498229980469,56.11900024414062
93.7236557006836,56.02341918945312
93.56301422119141,55.926690673828126
93.40306854248047,55.828819274902344
93.2438232421875,55.729810333251955
93.08528747558594,55.629669189453125
92.9274688720703,55.52839965820313
92.77037811279297,55.42600784301758
92.61386108398438,55.322392272949216
92.45594329833985,55.21637802124023
92.29647674560547,55.10818939208984
92.13531799316407,54.998051452636716
91.972314453125,54.88618545532226
91.80410919189453,54.770606231689456
91.66887054443359,54.67768020629883
91.53363342285157,54.584754180908206
91.38792419433594,54.48463439941406
91.27518310546876,54.40716705322266
91.16581115722656,54.33201370239258
91.02347106933594,54.23420791625976
90.88113098144531,54.13640213012695
90.74926147460937,54.04579086303711
90.58442535400391,53.932526397705075
90.41958770751953,53.819261932373045
90.25475158691407,53.705997467041016
90.08991394042968,53.592733001708986
89.92507781982422,53.479468536376956
89.76024017333984,53.36620407104492
89.59540405273438,53.25293960571289
89.43056640625,53.13967514038086
89.26573028564454,53.02641067504883
89.10089263916015,52.9131462097168
88.9360565185547,52.79988174438476
88.7712188720703,52.68661727905273
88.60638275146485,52.5733528137207
88.44154510498046,52.46008834838867
88.276708984375,52.34682388305664
88.11187133789062,52.23355941772461
87.94703521728516,52.120295715332034
87.78219757080078,52.00703125
87.61736145019532,51.89376678466797
87.45252380371093,51.78050231933594
87.28768768310547,51.66723785400391
87.12285003662109,51.55397338867188
86.95801391601563,51.44070892333984
86.79317626953124,51.32744445800781
86.62834014892579,51.21417999267578
86.46487274169922,51.10190582275391
86.30417022705078,50.99197006225586
86.14602355957031,50.88468627929687
85.99023132324218,50.78036804199219
85.83658905029297,50.67933120727539
85.68353118896485,50.58090438842773
85.5294677734375,50.48405838012695
85.37441711425781,50.38880233764648
85.21839294433593,50.29514617919922
85.06141510009766,50.20309982299805
84.90349884033203,50.11267318725586
84.74466247558594,50.02387619018555
84.58491821289063,49.93671798706055
84.42428741455078,49.85120849609375
84.26278381347656,49.767356872558594
84.10042572021484,49.68517150878906
83.93722991943359,49.60466079711914
83.7732162475586,49.52583389282226
83.6083984375,49.44869842529297
83.4427978515625,49.37326278686523
83.27642974853515,49.29953384399414
83.10931091308593,49.22752075195312
82.94145965576172,49.157231140136716
82.77289581298828,49.08867263793945
82.60363311767578,49.02185134887695
82.43369140625,48.95677642822265
82.26309051513672,48.893453216552736
82.0918472290039,48.831887817382814
81.91997833251953,48.77208786010742
81.74750518798828,48.71405944824219
81.57444305419922,48.65780792236328
81.40081176757812,48.60334167480469
81.22662811279297,48.550663757324216
81.05191192626953,48.49978179931641
80.87668151855469,48.45069961547851
80.70095672607422,48.40342407226562
80.52475433349609,48.357957458496095
80.3480941772461,48.314308166503906
80.17099304199219,48.27247619628906
79.99347229003907,48.232469177246095
79.81554870605468,48.19429092407226
79.63724060058594,48.157945251464845
79.4585693359375,48.123435974121094
79.27986145019531,48.090824890136716
79.1014617919922,48.060218811035156
78.92338409423829,48.031681060791016
78.74564361572266,48.00527496337891
78.56825256347656,47.98106307983399
78.39091796875,47.95905303955078
78.213330078125,47.93920211791992
78.03551483154297,47.92150955200196
77.8574951171875,47.905981445312506
77.67930145263672,47.89261932373047
77.50095977783204,47.881422424316405
77.32249450683594,47.87239532470703
77.14393310546875,47.86554107666016
76.96530303955078,47.86085739135742
76.78662719726563,47.85834655761719
76.6079330444336,47.858009338378906
76.4292495727539,47.85984420776367
76.25060119628907,47.863851165771486
76.07201385498047,47.8700309753418
75.89351501464844,47.878380584716794
75.71513366699219,47.88889999389649
75.53689117431641,47.901588439941406
75.35881652832032,47.91644287109375
75.18093566894531,47.93346099853515
75.0032745361328,47.952639770507815
74.82585906982422,47.97397918701172
74.64871520996094,47.99747314453125
74.47187194824218,48.023118591308595
74.29535369873047,48.05091247558594
74.11918640136719,48.08085250854492
73.94339447021484,48.11293106079101
73.76800689697265,48.14714431762695
73.59304809570312,48.18348922729492
73.41854400634766,48.22195816040039
73.24452056884766,48.26254501342773
73.07100372314453,48.30524597167969
72.89801940917968,48.35005340576172
72.72559051513672,48.396959686279295
72.55374755859376,48.44595947265625
72.38251190185547,48.4970458984375
72.21190948486328,48.55020980834961
72.04196624755859,48.605445098876956
71.87270812988281,48.662743377685544
71.70109100341797,48.723114776611325
71.52602844238281,48.78651885986328
71.34996337890625,48.85163879394531
71.17585601806641,48.9174201965332
71.00377655029297,48.98398361206055
70.83686065673828,49.050428771972655
70.67630004882812,49.11690444946289
70.5197540283203,49.18483352661133
70.36436767578125,49.255374145507815
70.2101821899414,49.32850646972656
70.05724334716797,49.40420989990234
69.90559234619141,49.48246307373047
69.7552734375,49.56324462890625
69.60632781982422,49.646532440185545
69.45879821777343,49.73230209350586
69.31272583007812,49.82052993774414
69.16815032958985,49.91119155883789
69.02511291503906,50.004259490966795
68.88365478515625,50.099707794189456
68.74381408691406,50.197512054443365
68.60563049316406,50.2976432800293
68.46914215087891,50.4000747680664
68.33438873291016,50.50477752685547
68.20140533447265,50.61172256469727
68.07023162841797,50.72087860107422
67.94090270996094,50.8322151184082
67.81345825195312,50.945701599121094
67.68792877197265,51.06130523681641
67.56435546875,51.17899398803711
67.4427703857422,51.29873428344727
67.32320556640624,51.420494842529294
67.20569610595703,51.54423828125
67.09027557373047,51.66993408203125
66.97697601318359,51.79754409790039
66.86582641601562,51.92703399658203
66.75686187744141,52.05836639404297
66.65011138916016,52.19150390625
66.5456039428711,52.326409912109376
66.44336853027343,52.46304626464844
66.34343719482422,52.601375579833984
66.24583587646484,52.74135894775391
66.15059204101563,52.882957458496094
66.05773315429687,53.026129150390624
65.9672836303711,53.1708366394043
65.8792709350586,53.317037963867186
65.79371795654296,53.464691162109375
65.71064605712891,53.613756561279295
65.63008270263671,53.76419219970703
65.55052185058594,53.918959045410155
65.47044372558594,54.080048370361325
65.38934783935547,54.24718704223633
65.30673065185547,54.420108795166016
65.22207794189453,54.59855651855469
65.13640441894532,54.77927703857422
65.05150604248047,54.95842590332031
64.96940002441406,55.1327262878418
64.89058685302734,55.30240249633789
64.81557006835938,55.467671966552736
64.74485626220704,55.62874221801758
64.67818145751953,55.78738555908203
64.61404113769531,55.9470703125
64.55245208740234,56.10775604248047
64.4934310913086,56.26940155029297
64.4369903564453,56.431967163085936
64.38314514160156,56.595410919189455
64.3319107055664,56.759691619873045
64.28329772949219,56.924767303466794
64.23731994628906,57.09059600830078
64.19398956298828,57.25713577270508
64.15331573486328,57.42434387207031
64.11531066894531,57.59217910766601
64.07998352050781,57.76059799194336
64.04734268188477,57.92955780029297
64.01739654541015,58.09901733398438
63.99015426635742,58.2689323425293
63.96562118530274,58.43925857543945
63.94380264282226,58.609954833984375
63.92470474243164,58.78097763061523
63.90833435058594,58.9522819519043
63.894692993164064,59.12382431030274
63.883785247802734,59.295562744140625
63.875614929199216,59.46745376586914
63.870182037353516,59.639452362060545
63.867488098144534,59.81151580810547
63.86753540039062,59.98360137939453
63.870321655273436,60.1556640625
63.87584762573242,60.327659606933594
63.88411331176758,60.49954605102539
63.89511489868164,60.671277618408205
63.90885009765625,60.84281234741211
63.925315856933594,61.01410675048828
63.9445068359375,61.18511734008789
63.96641845703125,61.35579986572266
63.99104537963867,61.52611312866211
64.01838150024415,61.69601211547852
64.04842071533203,61.865454864501956
64.0811553955078,62.03439788818359
64.1165756225586,62.20279769897461
64.15467376708985,62.37061233520508
64.19543762207032,62.53779983520508
64.23885955810547,62.70431671142578
64.28492736816406,62.870121002197266
64.33363037109375,63.03517074584961
64.38495483398438,63.199422454833986
64.43889007568359,63.36283721923828
64.49541931152343,63.52537155151367
64.55452880859374,63.68698501586914
64.61620635986328,63.84763717651367
64.68043365478516,64.00728759765624
64.7471939086914,64.1658935546875
64.81647338867188,64.32341613769532
64.88982238769532,64.4832778930664
64.96754302978516,64.647265625
65.04913635253907,64.81559600830079
65.13410186767578,64.98849334716797
65.22193908691406,65.16619262695312
65.30917816162109,65.34235992431641
65.39468383789062,65.51367492675782
65.4789047241211,65.67989959716797
65.56228942871094,65.84079284667969
65.64528198242188,65.99610290527343
65.72973327636718,66.1486831665039
65.8164047241211,66.30001525878906
65.90527648925782,66.45006561279297
65.99633178710937,66.59880065917969
66.08955078125,66.74618988037109
66.1849136352539,66.89220123291015
66.2823974609375,67.03680419921875
66.38198547363281,67.17996673583984
66.48365325927735,67.32166137695313
66.5873794555664,67.46185302734375
66.69314270019531,67.60051574707032
66.80092163085938,67.73761749267578
66.91069030761719,67.87313079833984
67.02242736816406,68.00702514648438
67.1361099243164,68.13927154541015
67.25171203613282,68.26984405517578
67.36920928955078,68.39871368408203
67.48857879638672,68.5258544921875
67.6097915649414,68.65123443603515
67.73282318115234,68.77483367919922
67.85764770507812,68.89662170410156
67.98423767089844,69.01657104492188
68.11256561279296,69.13465881347656
68.24260559082032,69.25086059570313
68.37432861328125,69.36515045166016
68.50770874023438,69.47750244140624
68.64271697998046,69.58789520263672
68.7793212890625,69.69630126953125
68.91749725341796,69.80270080566406
69.05721130371094,69.90707092285156
69.19843444824218,70.00938873291015
69.3411376953125,70.10963287353516
69.48529205322265,70.20778350830078
69.63086395263672,70.30381622314454
69.77782287597657,70.39771118164063
69.92613830566407,70.48944702148438
70.07577667236328,70.57900695800781
70.226708984375,70.66637115478515
70.37890014648437,70.75152282714843
70.53232116699219,70.83443908691406
70.68693695068359,70.91510772705078
70.84271392822265,70.9935089111328
70.99961853027344,71.06962432861329
71.15762023925781,71.14343872070313
71.31668395996094,71.21493988037109
71.47677307128906,71.28410949707032
71.63785858154297,71.3509307861328
71.79990234375,71.41539306640625
71.9628692626953,71.47748107910157
72.12672576904296,71.5371810913086
72.29143829345703,71.5944808959961
72.45696716308593,71.64936981201171
72.62328186035157,71.7018325805664
72.79034576416015,71.75186004638672
72.95812225341797,71.79944152832032
73.12657775878907,71.84456787109374
73.2956756591797,71.88722686767578
73.46537628173829,71.92741241455079
73.63564605712891,71.96511535644531
73.80644836425782,72.00032653808594
73.97923889160157,72.03329467773438
74.15748138427735,72.06495666503906
74.34035949707031,72.09569091796875
74.5246353149414,72.12522583007812
74.71027374267578,72.1536636352539
74.8957504272461,72.18084869384765
75.07754058837891,72.20594024658203
75.2563980102539,72.22865447998046
75.435498046875,72.24935760498047
75.61482238769531,72.2680450439453
75.79434509277344,72.28471374511719
75.97404327392579,72.29936370849609
76.15389404296874,72.3119903564453
76.33387603759766,72.32259216308594
76.51396484375,72.33116912841797
76.694140625,72.33772125244141
76.87437591552734,72.34224395751953
77.05465240478516,72.34474029541016
77.23494415283203,72.34521179199218
77.4152328491211,72.34365539550781
77.59549102783203,72.34007110595704
77.77569885253907,72.33445892333984
77.9558319091797,72.32682037353516
78.13586883544922,72.31715545654296
78.31578216552734,72.30546569824219
78.49555358886718,72.29175262451172
78.67515869140625,72.27602081298828
78.85457458496094,72.25827026367188
79.03377990722656,72.2385009765625
79.21275329589844,72.21671905517579
79.39146881103515,72.19292602539062
79.56990814208984,72.16712341308593
79.7480453491211,72.13931579589844
79.92585906982421,72.10950622558593
80.10332641601562,72.07769775390625
80.28042449951172,72.043896484375
80.4571304321289,72.0081069946289
80.6334228515625,71.97033081054687
80.80927886962891,71.93057556152344
80.98467712402343,71.88884582519532
81.1595947265625,71.8451431274414
81.3340087890625,71.79947509765626
81.50789794921874,71.75184936523438
81.68124237060547,71.7022720336914
81.85401611328125,71.65074768066407
82.02620086669921,71.59728546142578
82.19777221679688,71.54188995361328
82.36871185302735,71.48456726074218
82.53899230957032,71.42532348632812
82.70859832763672,71.36416931152344
82.87750549316407,71.30111083984374
83.04569396972656,71.2361572265625
83.21314086914063,71.16931762695313
83.37982482910157,71.10060119628906
83.54572448730468,71.03001251220704
83.71082000732422,70.95756072998047
83.87509155273438,70.88325805664063
84.03851470947265,70.80711212158204
84.20107574462891,70.72913208007813
84.36274719238281,70.64933013916016
84.5235107421875,70.56771545410156
84.68334503173828,70.48429718017579
84.84223327636718,70.39908599853516
85.00014953613281,70.31209259033203
85.15707855224609,70.22332763671875
85.31300048828125,70.13280487060547
85.4678939819336,70.04053344726563
85.62173919677734,69.94652557373047
85.77451782226562,69.85079498291016
85.92621154785157,69.75335388183593
86.07679901123046,69.65421142578126
86.22626190185547,69.55338134765626
86.37458190917968,69.4508773803711
86.5222183227539,69.34635925292969
86.67198333740234,69.23804321289063
86.82410736083985,69.12626800537109
86.97882385253907,69.01136322021485
87.13636779785156,68.89365844726562
87.29649963378907,68.77383422851562
87.45663146972656,68.65401000976563
87.61676330566407,68.53418579101563
87.77689514160156,68.41436157226562
87.93702697753906,68.29453887939454
88.09716033935547,68.17471466064453
88.25729217529297,68.05489196777344
88.41742401123047,67.93506774902343
88.57755584716797,67.81524505615235
88.73768768310546,67.69542083740234
88.89781951904297,67.57559814453126
89.05795288085938,67.45577392578124
89.21808471679688,67.33595123291016
89.37821655273437,67.21612701416015
89.53834838867188,67.09630432128907
89.69848022460937,66.97648010253906
89.85861206054688,66.85665740966797
90.01874542236328,66.73683319091796
90.17887878417969,66.61701049804688
90.3390106201172,66.49718627929687
90.52556915283203,66.35758819580079
90.68010101318359,66.24195404052735
90.83463287353516,66.1263198852539
90.98916473388672,66.01068420410157
91.16148986816407,65.88180389404297
91.27536163330078,65.79666290283203
91.42625122070312,65.68464813232421
91.5825698852539,65.5703353881836
91.74474334716797,65.45434265136718
91.89539794921875,65.35053863525391
92.08475341796876,65.22234649658203
92.27619018554688,65.09727935791015
92.46965179443359,64.97537078857422
92.66509094238282,64.85665588378906
92.8624496459961,64.74116668701171
93.06168060302734,64.62893371582031
93.26272735595703,64.51998596191406
93.46553649902344,64.41435394287109
93.67005157470703,64.31206512451172
93.8762191772461,64.21314697265625
94.08398132324217,64.11762771606445
94.29328308105468,64.02553253173828
94.50406951904296,63.936885833740234
94.71628112792969,63.85171127319336
94.92986297607422,63.77003402709961
95.14475860595704,63.691873168945314
95.36091003417968,63.617251586914065
95.57825775146485,63.54618911743164
95.79674224853515,63.47870407104492
96.01630554199218,63.41481475830078
96.23688659667968,63.35453872680664
96.45842742919922,63.297891235351564
96.68086700439453,63.24488983154297
96.90414733886719,63.19554748535156
97.12535247802734,63.150221252441405
97.34353332519531,63.108578491210935
97.55856170654297,63.07013168334961
97.77032012939453,63.03438491821289
97.97870178222657,63.00084915161133
98.18646697998047,62.96868133544922
98.39441680908205,62.9377326965332
98.60254364013672,62.90800094604492
98.8108413696289,62.87948989868164
99.01930389404296,62.85219802856445
99.22792053222656,62.82612838745117
99.43668823242187,62.80128021240235
99.64559631347656,62.77765426635742
99.85464019775391,62.755252075195315
100.06380920410156,62.73407516479492
100.27310028076172,62.714124298095705
100.48250274658203,62.69539794921875
100.69201202392578,62.67789916992187
100.90162048339843,62.66162796020508
101.11132202148437,62.64658203125
101.32110748291015,62.632765197753905
101.53096923828124,62.62017822265625
101.74090118408202,62.60882034301758
101.95089721679688,62.59869232177734
102.16094970703125,62.5897933959961
102.37104949951171,62.58212585449219
102.58119201660156,62.575686645507815
102.79136810302734,62.57047729492187
103.00157012939454,62.566498565673825
103.21034088134766,62.56369323730469
103.41708984375,62.561824798583984
103.62179718017578,62.56064910888672
103.82445983886718,62.55992126464844
104.0250732421875,62.55939254760742
104.22508697509765,62.558878326416014
104.42508544921876,62.558362579345705
104.62508544921877,62.557848358154295
104.82508392333985,62.55733413696289
105.02508239746093,62.556819915771484
105.25904998779296,62.556217956542966
105.45301818847656,62.55571975708008
105.64698486328125,62.55522155761719
105.84095306396485,62.55472259521484
106.03492126464843,62.55422439575195
106.194921875,62.55381317138672
106.394921875,62.55329895019531
106.594921875,62.55278396606445
106.7949203491211,62.552268981933594
106.99492034912109,62.551753997802734
107.19491882324219,62.551239013671875
107.39491729736328,62.550724792480466
107.59491729736328,62.550210571289064
107.79491729736328,62.549696350097655
107.99491577148437,62.54918212890625
108.19491424560549,62.548667907714844
108.39491424560546,62.548152923583984
108.59491271972657,62.547637939453125
108.79491271972657,62.547122955322266
108.99491271972656,62.54660873413086
109.19491271972656,62.546094512939455
109.39491119384766,62.545580291748045
109.59491119384765,62.54506607055664
109.79490966796875,62.544551849365234
109.99490966796876,62.544036865234375
110.19490966796874,62.543521881103516
110.39490966796875,62.543006896972656
110.59490814208985,62.54249267578125
110.79490814208984,62.541978454589845
110.99490661621094,62.541464233398436
111.19490509033203,62.540950012207034
111.39490509033203,62.540435791015625
111.59490509033203,62.539920806884766
111.79490356445312,62.539405822753906
111.99490203857422,62.53889083862305
112.19490203857421,62.53837585449219
112.39490051269532,62.53786163330078
112.59490051269532,62.537347412109376
112.7949005126953,62.53683319091797
112.99490051269531,62.536318969726565
113.19489898681641,62.535804748535156
113.3948989868164,62.5352897644043
113.5948974609375,62.53477478027344
113.7948974609375,62.53425979614258
113.9948974609375,62.53374557495117
114.1948974609375,62.53323135375977
114.3948959350586,62.53271713256836
114.59489593505859,62.532202911376956
114.79489440917969,62.53168869018555
114.99489288330078,62.53117370605469
115.19489288330078,62.53065872192383
115.39489288330078,62.53014373779297
115.59489135742187,62.52962951660156
115.79488983154295,62.52911529541016
115.99488983154296,62.52860107421875
116.19488830566407,62.52808685302735
116.39488830566407,62.52757263183594
116.59488830566406,62.52705764770508
116.79488830566406,62.52654266357422
116.99488677978516,62.52602767944336
117.19488677978515,62.5255126953125
117.39488525390625,62.52499847412109
117.59488372802734,62.52448425292969
117.79488372802734,62.52397003173828
117.99488372802735,62.52345581054688
118.19488220214843,62.52294158935547
118.39488067626954,62.52242660522461
118.59488067626953,62.52191162109375
118.79487915039063,62.52139663696289
118.99487915039063,62.52088241577148
119.19487915039062,62.52036819458008
119.39487915039062,62.51985397338867
119.59487762451172,62.51933975219727
119.79487762451171,62.51882553100586
119.99487609863282,62.518310546875
120.1948745727539,62.51779556274414
120.3948745727539,62.51728057861328
120.59487457275391,62.51676635742187
120.794873046875,62.51625213623047
120.994873046875,62.51573791503906
121.194873046875,62.51522369384766
121.39487152099609,62.51470947265625
121.5948715209961,62.51419448852539
121.7948715209961,62.51367950439453
121.99486999511718,62.51316452026367
122.19486846923829,62.51264953613281
122.39486846923828,62.5121353149414
122.59486694335938,62.51162109375
122.79486694335938,62.51110687255859
122.99486694335937,62.51059265136719
123.19486694335937,62.51007843017578
123.39486541748047,62.50956344604492
123.59486541748049,62.50904846191406
123.79486389160157,62.5085334777832
123.99486236572265,62.508019256591794
124.19486236572266,62.50750503540039
124.39486236572266,62.50699081420898
124.59486083984375,62.50647659301758
124.79486083984375,62.50596237182617
124.99486083984375,62.50544738769531
125.19485931396484,62.50493240356445
125.39485931396484,62.504417419433594
125.59485931396485,62.503903198242185
125.79485778808593,62.50338897705078
125.99485626220705,62.502874755859374
126.19485626220703,62.50236053466797
126.39485473632813,62.50184631347656
126.59485321044922,62.5013313293457
126.79485321044922,62.500816345214844
126.99485321044922,62.500301361083984
127.19485168457031,62.499786376953125
127.39485168457031,62.499272155761716
127.59485168457032,62.498757934570314
127.79485168457032,62.498243713378905
127.9948516845703,62.4977294921875
128.19485168457032,62.497215270996094
128.3948501586914,62.496700286865234
128.5948486328125,62.496185302734375
128.7948455810547,62.495670318603516
128.99484558105468,62.49515609741211
129.1948455810547,62.494641876220705
129.39484558105468,62.494127655029295
129.5948455810547,62.49361343383789
129.7948455810547,62.493099212646484
129.99484252929688,62.492584228515625
130.19484252929686,62.492069244384766
130.39484252929688,62.491554260253906
130.49484252929688,62.49129676818848
130.59484354654947,62.49103927612305
