location_x,location_y
-6.4571332931518555,61.00599670410156
-6.455867767333984,61.20599365234375
-6.454602241516113,61.40599060058594
-6.453336715698242,61.605987548828125
-6.452071189880371,61.80598449707031
-6.4508056640625,62.005977630615234
-6.449541091918945,62.20597457885742
-6.448275566101074,62.405967712402344
-6.447010040283203,62.60596466064453
-6.445744514465332,62.80596160888672
-6.444478988647461,63.005958557128906
-6.44321346282959,63.205955505371094
-6.441947937011719,63.40595245361328
-6.440682411193848,63.6059455871582
-6.439416885375977,63.80594253540039
-6.4381513595581055,64.00593566894531
-6.436885833740234,64.20592498779297
-6.435620307922363,64.40592193603516
-6.434354782104492,64.60591888427734
-6.433089256286621,64.80591583251953
-6.43182373046875,65.00591278076172
-6.430558204650879,65.20590209960938
-6.429292678833008,65.40589904785156
-6.428027153015137,65.60589599609375
-6.426761627197266,65.80589294433594
-6.425497055053711,66.00588989257812
-6.42423152923584,66.20588684082031
-6.422966003417969,66.4058837890625
-6.421700477600098,66.60588073730469
-6.420434951782227,66.80587768554688
-6.4191694259643555,67.00587463378906
-6.417903900146484,67.20586395263672
-6.416638374328613,67.4058609008789
-6.415372848510742,67.6058578491211
-6.414107322692871,67.80585479736328
-6.412841796875,68.00585174560547
-6.411576271057129,68.20584869384766
-6.410310745239258,68.40583801269531
-6.409045219421387,68.6058349609375
-6.407779693603516,68.80583190917969
-6.4065141677856445,69.00582885742188
-6.405248641967773,69.20582580566406
-6.403983116149902,69.40582275390625
-6.402717590332031,69.60581970214844
-6.40145206451416,69.80581665039062
-6.4001874923706055,70.00581359863281
-6.398921966552734,70.205810546875
-6.397656440734863,70.40579986572266
-6.396390914916992,70.60579681396484
-6.395125389099121,70.80579376220703
-6.39385986328125,71.00579071044922
-6.392594337463379,71.2057876586914
-6.391328811645508,71.4057846069336
-6.390063285827637,71.60577392578125
-6.388797760009766,71.80577087402344
-6.3875322341918945,72.00576782226562
-6.386266708374023,72.20576477050781
-6.385001182556152,72.40576171875
-6.383735656738281,72.60575866699219
-6.38247013092041,72.80575561523438
-6.381204605102539,73.00575256347656
-6.379939079284668,73.20574951171875
-6.378673553466797,73.40574645996094
-6.377408027648926,73.6057357788086
-6.376142501831055,73.80573272705078
-6.3748779296875,74.00572967529297
-6.373612403869629,74.20572662353516
-6.372346878051758,74.40572357177734
-6.371081352233887,74.60572052001953
-6.369815826416016,74.80570983886719
-6.3685503005981445,75.00570678710938
-6.367284774780273,75.20570373535156
-6.366019248962402,75.40570068359375
-6.364753723144531,75.60569763183594
-6.36348819732666,75.80569458007812
-6.362222671508789,76.00569152832031
-6.360957145690918,76.2056884765625
-6.359691619873047,76.40568542480469
-6.358426094055176,76.60568237304688
-6.357160568237305,76.80567932128906
-6.355895042419434,77.00566864013672
-6.3546295166015625,77.2056655883789
-6.353363990783691,77.4056625366211
-6.35209846496582,77.60565948486328
-6.350833892822266,77.80564880371094
-6.3495683670043945,78.00564575195312
-6.348302841186523,78.20564270019531
-6.347037315368652,78.4056396484375
-6.345771789550781,78.60563659667969
-6.34450626373291,78.80563354492188
-6.343240737915039,79.00563049316406
-6.341975212097168,79.20562744140625
-6.340709686279297,79.40562438964844
-6.339444160461426,79.60562133789062
-6.338178634643555,79.80561828613281
-6.336913108825684,80.005615234375
-6.3356475830078125,80.20560455322266
-6.334382057189941,80.40560150146484
-6.33311653137207,80.60559844970703
-6.331851005554199,80.80559539794922
-6.330585479736328,81.00558471679688
-6.329319953918457,81.20558166503906
-6.328054428100586,81.40557861328125
-6.326788902282715,81.60557556152344
-6.32552433013916,81.80557250976562
-6.324258804321289,82.00556945800781
-6.322993278503418,82.20556640625
-6.321727752685547,82.40556335449219
-6.320462226867676,82.60556030273438
-6.319196701049805,82.80555725097656
-6.317931175231934,83.00555419921875
-6.3166656494140625,83.20555114746094
-6.315400123596191,83.4055404663086
-6.31413459777832,83.60553741455078
-6.312869071960449,83.80553436279297
-6.311603546142578,84.00553131103516
-6.310338020324707,84.20552062988281
-6.309072494506836,84.405517578125
-6.307806968688965,84.60551452636719
-6.306541442871094,84.80551147460938
-6.305275917053223,85.00550842285156
-6.304010391235352,85.20550537109375
-6.3027448654174805,85.40550231933594
-6.301480293273926,85.60549926757812
-6.300214767456055,85.80549621582031
-6.298949241638184,86.0054931640625
-6.2976837158203125,86.20549011230469
-6.296418190002441,86.40548706054688
-6.29515266418457,86.60547637939453
-6.293887138366699,86.80547332763672
-6.292621612548828,87.0054702758789
-6.291356086730957,87.2054672241211
-6.290090560913086,87.40545654296875
-6.288825035095215,87.60545349121094
-6.287559509277344,87.80545043945312
-6.286293983459473,88.00544738769531
-6.285028457641602,88.2054443359375
-6.2837629318237305,88.40544128417969
-6.282497406005859,88.60543823242188
-6.281231880187988,88.80543518066406
-6.279966354370117,89.00543212890625
-6.278700828552246,89.20542907714844
-6.277435302734375,89.40542602539062
-6.27617073059082,89.60542297363281
-6.274905204772949,89.80541229248047
-6.273639678955078,90.00540924072266
-6.272374153137207,90.20540618896484
-6.271108627319336,90.40540313720703
-6.269843101501465,90.60539245605469
-6.268577575683594,90.80538940429688
-6.267312049865723,91.00538635253906
-6.266046524047852,91.20538330078125
-6.2647809982299805,91.40538024902344
-6.263515472412109,91.60537719726562
-6.262249946594238,91.80537414550781
-6.260984420776367,92.00537109375
-6.259718894958496,92.20536804199219
-6.258453369140625,92.40536499023438
-6.257187843322754,92.60536193847656
-6.255922317504883,92.80535888671875
-6.254656791687012,93.0053482055664
-6.253391265869141,93.2053451538086
-6.2521257400512695,93.40534210205078
-6.250861167907715,93.60533905029297
-6.249595642089844,93.80532836914062
-6.248330116271973,94.00532531738281
-6.247064590454102,94.205322265625
-6.2457990646362305,94.40531921386719
-6.244533538818359,94.60531616210938
-6.243268013000488,94.80531311035156
-6.242002487182617,95.00531005859375
-6.240736961364746,95.20530700683594
-6.239471435546875,95.40530395507812
-6.238205909729004,95.60530090332031
-6.236940383911133,95.8052978515625
-6.235674858093262,96.00529479980469
-6.234409332275391,96.20528411865234
-6.2331438064575195,96.40528106689453
-6.231878280639648,96.60527801513672
-6.230612754821777,96.8052749633789
-6.229347229003906,97.00526428222656
-6.228082656860352,97.20526123046875
-6.2268171310424805,97.40525817871094
-6.225551605224609,97.60525512695312
-6.224286079406738,97.80525207519531
-6.223020553588867,98.0052490234375
-6.221755027770996,98.20524597167969
-6.220489501953125,98.40524291992188
-6.219223976135254,98.60523986816406
-6.217958450317383,98.80523681640625
-6.216692924499512,99.00523376464844
-6.215427398681641,99.20523071289062
-6.2141618728637695,99.40522003173828
-6.212896347045898,99.60521697998047
-6.211630821228027,99.80521392822266
-6.210365295410156,100.00521087646484
-6.209099769592285,100.2052001953125
-6.207834243774414,100.40519714355469
-6.206568717956543,100.60519409179688
-6.205303192138672,100.80519104003906
-6.204037666320801,101.00518798828125
-6.202773094177246,101.20518493652344
-6.201507568359375,101.40518188476562
-6.200242042541504,101.60517883300781
-6.198976516723633,101.80517578125
-6.197710990905762,102.00517272949219
-6.196445465087891,102.20516967773438
-6.1951799392700195,102.40516662597656
-6.193914413452148,102.60515594482422
-6.192648887634277,102.8051528930664
-6.191383361816406,103.0051498413086
-6.190117835998535,103.20514678955078
-6.188852310180664,103.40513610839844
-6.187586784362793,103.60513305664062
-6.186321258544922,103.80513000488281
-6.185055732727051,104.005126953125
-6.18379020690918,104.20512390136719
-6.182524681091309,104.40512084960938
-6.1812591552734375,104.60511779785156
-6.179993629455566,104.80511474609375
-6.178728103637695,105.00511169433594
-6.177463531494141,105.20510864257812
-6.1761980056762695,105.40510559082031
-6.174932479858398,105.6051025390625
-6.173666954040527,105.80509185791016
-6.172401428222656,106.00508880615234
-6.171135902404785,106.20508575439453
-6.169870376586914,106.40508270263672
-6.168604850769043,106.60507202148438
-6.167339324951172,106.80506896972656
-6.166073799133301,107.00506591796875
-6.16480827331543,107.20506286621094
-6.163542747497559,107.40505981445312
-6.1622772216796875,107.60505676269531
-6.161011695861816,107.8050537109375
-6.159746170043945,108.00505065917969
-6.158480644226074,108.20504760742188
-6.157215118408203,108.40504455566406
-6.155949592590332,108.60503387451172
-6.154684066772461,108.8050308227539
-6.153419494628906,109.0050277709961
-6.152153968811035,109.20502471923828
-6.150888442993164,109.40502166748047
-6.149622917175293,109.60501861572266
-6.148357391357422,109.80501556396484
-6.147091865539551,110.00501251220703
-6.14582633972168,110.20500183105469
-6.144560813903809,110.40499877929688
-6.1432952880859375,110.60499572753906
-6.142029762268066,110.80499267578125
-6.140764236450195,111.00498962402344
-6.139498710632324,111.20498657226562
-6.138233184814453,111.40498352050781
-6.136967658996582,111.60498046875
-6.135702133178711,111.80496978759766
-6.13443660736084,112.00496673583984
-6.133171081542969,112.20496368408203
-6.131905555725098,112.40496063232422
-6.130640029907227,112.6049575805664
-6.1293745040893555,112.8049545288086
-6.128109931945801,113.00495147705078
-6.12684440612793,113.20494842529297
-6.125578880310059,113.40493774414062
-6.1243133544921875,113.60493469238281
-6.123047828674316,113.804931640625
-6.121782302856445,114.00492858886719
-6.120516777038574,114.20492553710938
-6.119251251220703,114.40492248535156
-6.117985725402832,114.60491943359375
-6.116720199584961,114.80491638183594
-6.11545467376709,115.0049057006836
-6.114189147949219,115.20490264892578
-6.112923622131348,115.40489959716797
-6.111658096313477,115.60489654541016
-6.1103925704956055,115.80489349365234
-6.109127044677734,116.00489044189453
-6.107861518859863,116.20488739013672
-6.106595993041992,116.4048843383789
-6.105330467224121,116.60487365722656
-6.104065895080566,116.80487060546875
-6.102800369262695,117.00486755371094
-6.101534843444824,117.20486450195312
-6.100269317626953,117.40486145019531
-6.099003791809082,117.6048583984375
-6.097738265991211,117.80485534667969
-6.09647274017334,118.00485229492188
-6.094448089599609,118.32484436035156
-6.094448089599609,118.32484436035156
-6.093182563781738,118.52484130859375
-6.091917037963867,118.72483825683594
-6.090651512145996,118.92483520507812
-6.089385986328125,119.12482452392578
-6.088120460510254,119.32482147216797
-6.086854934692383,119.52481842041016
-6.085589408874512,119.72481536865234
-6.084323883056641,119.92481231689453
-6.0830583572387695,120.12480926513672
-6.081792831420898,120.3248062133789
-6.080527305603027,120.5248031616211
-6.079261779785156,120.72480010986328
-6.077996253967285,120.92478942871094
-6.076730728149414,121.12478637695312
-6.075466156005859,121.32478332519531
-6.074200630187988,121.5247802734375
-6.072935104370117,121.72477722167969
-6.071669578552246,121.92477416992188
-6.070404052734375,122.12477111816406
-6.069138526916504,122.32476043701172
-6.067484378814697,122.53805541992188
-6.061413764953613,122.77781677246094
-6.049886703491211,123.01737976074219
-6.032908916473389,123.2566146850586
-6.010487079620361,123.49540710449219
-5.982635498046875,123.73362731933594
-5.949368000030518,123.97114562988281
-5.91070032119751,124.20785522460938
-5.866654396057129,124.44361114501953
-5.817252159118652,124.67831420898438
-5.762518882751465,124.91182708740234
-5.702484130859375,125.14402770996094
-5.63717794418335,125.37480926513672
-5.5666351318359375,125.60404205322266
-5.4908905029296875,125.83160400390625
-5.409984588623047,126.0573959350586
-5.323959827423096,126.2812728881836
-5.232860565185547,126.50313568115234
-5.13673210144043,126.7228775024414
-5.035627365112305,126.94036102294922
-4.929596900939941,127.1554946899414
-4.818695545196533,127.36815643310547
-4.702981948852539,127.57823181152344
-4.582514762878418,127.7856216430664
-4.457357406616211,127.99021911621094
-4.327573776245117,128.19190979003906
-4.193233013153076,128.39059448242188
-4.054402828216553,128.586181640625
-3.911155939102173,128.77853393554688
-3.7635669708251953,128.96759033203125
-3.6117115020751953,129.1532440185547
-3.4556691646575928,129.3353729248047
-3.295520544052124,129.51390075683594
-3.1313488483428955,129.68875122070312
-2.963238477706909,129.85983276367188
-2.7912774085998535,130.02700805664062
-2.6155543327331543,130.19024658203125
-2.4361605644226074,130.34942626953125
-2.2531886100769043,130.50450134277344
-2.0667343139648438,130.6553497314453
-1.8768930435180664,130.8019256591797
-1.6837645769119263,130.9441375732422
-1.487447738647461,131.08192443847656
-1.2880452871322632,131.21519470214844
-1.0856599807739258,131.34390258789062
-0.8803973197937012,131.46795654296875
-0.6723634004592896,131.58731079101562
-0.4616660475730896,131.70188903808594
-0.24841421842575073,131.81166076660156
-0.03271889686584473,131.91653442382812
0.1853083372116089,132.0164794921875
0.40555429458618164,132.11141967773438
0.6279049515724182,132.2013397216797
0.8522449731826782,132.28616333007812
1.0764102935791016,132.36517333984375
1.2735525369644165,132.4319610595703
1.4725351333618164,132.49813842773438
1.671881914138794,132.56324768066406
1.871586561203003,132.62722778320312
2.071643114089966,132.6901092529297
2.272045612335205,132.75186157226562
2.4727864265441895,132.81251525878906
2.6738617420196533,132.87203979492188
2.8752634525299072,132.93048095703125
3.0769858360290527,132.98777770996094
3.2790234088897705,133.04397583007812
3.4813690185546875,133.09902954101562
3.6840174198150635,133.1529541015625
3.886960983276367,133.20579528808594
4.090194225311279,133.25746154785156
4.2937116622924805,133.30804443359375
4.497506141662598,133.3574676513672
4.701571464538574,133.40577697753906
4.905901908874512,133.45294189453125
5.110490798950195,133.4989776611328
5.315331935882568,133.54388427734375
5.520418167114258,133.587646484375
5.725744247436523,133.63026428222656
5.931303977966309,133.6717529296875
6.13709020614624,133.71209716796875
6.343096733093262,133.7512969970703
6.549317836761475,133.7893524169922
6.755746841430664,133.82627868652344
6.962377071380615,133.862060546875
7.16920280456543,133.8966827392578
7.376217842102051,133.93014526367188
7.583414554595947,133.9624786376953
7.790788173675537,133.99366760253906
7.998330593109131,134.02369689941406
8.206036567687988,134.05258178710938
8.413899421691895,134.08030700683594
8.621912956237793,134.10687255859375
8.830070495605469,134.13229370117188
9.038366317749023,134.15655517578125
9.246792793273926,134.17965698242188
9.455345153808594,134.2016143798828
9.66401481628418,134.222412109375
9.872797966003418,134.24205017089844
10.081686019897461,134.26052856445312
10.29067325592041,134.27786254882812
10.499753952026367,134.2940216064453
10.7089204788208,134.30902099609375
10.918167114257812,134.32286071777344
11.127487182617188,134.33555603027344
11.336874008178711,134.34707641601562
11.546321868896484,134.357421875
11.755824089050293,134.3666229248047
11.965374946594238,134.37464904785156
12.174965858459473,134.38153076171875
12.384592056274414,134.3872528076172
12.594246864318848,134.3917999267578
12.803923606872559,134.3951873779297
13.013615608215332,134.39739990234375
13.22331714630127,134.3984832763672
13.433021545410156,134.3983612060547
13.642721176147461,134.39710998535156
13.852492332458496,134.39466857910156
14.052472114562988,134.39181518554688
14.25245189666748,134.3889617919922
14.452431678771973,134.3861083984375
14.652410507202148,134.3832550048828
14.85239028930664,134.38040161132812
15.052370071411133,134.37754821777344
15.252349853515625,134.37469482421875
15.452329635620117,134.37184143066406
15.65230941772461,134.36898803710938
15.852289199829102,134.36614990234375
16.052268981933594,134.36329650878906
16.252248764038086,134.36044311523438
16.452228546142578,134.3575897216797
16.652206420898438,134.354736328125
16.852188110351562,134.3518829345703
17.052165985107422,134.34902954101562
17.252145767211914,134.34617614746094
17.452125549316406,134.34332275390625
17.6521053314209,134.34046936035156
17.85208511352539,134.33761596679688
18.052064895629883,134.3347625732422
18.252044677734375,134.3319091796875
18.452024459838867,134.3290557861328
18.65200424194336,134.32620239257812
18.85198402404785,134.32334899902344
19.051963806152344,134.32049560546875
19.251943588256836,134.31765747070312
19.451923370361328,134.31480407714844
19.651901245117188,134.31195068359375
19.851882934570312,134.30909729003906
20.051860809326172,134.30624389648438
20.251840591430664,134.3033905029297
20.451820373535156,134.300537109375
20.65180015563965,134.2976837158203
20.85177993774414,134.29483032226562
21.243101119995117,134.28924560546875
21.243101119995117,134.28924560546875
21.44308090209961,134.28639221191406
21.6430606842041,134.28353881835938
21.843040466308594,134.2806854248047
22.043020248413086,134.27783203125
22.243000030517578,134.2749786376953
22.44297981262207,134.27212524414062
22.642959594726562,134.26927185058594
22.842937469482422,134.26641845703125
23.042917251586914,134.26358032226562
23.242897033691406,134.26072692871094
23.4428768157959,134.25787353515625
23.64285659790039,134.25502014160156
23.842836380004883,134.25216674804688
24.042816162109375,134.2493133544922
24.242795944213867,134.2464599609375
24.44277572631836,134.2436065673828
24.64275550842285,134.24075317382812
24.842735290527344,134.23789978027344
25.042715072631836,134.23504638671875
25.242694854736328,134.23219299316406
25.44267463684082,134.22933959960938
25.642654418945312,134.2264862060547
25.842632293701172,134.2236328125
26.042613983154297,134.2207794189453
26.242591857910156,134.21792602539062
26.44257164001465,134.215087890625
26.64255142211914,134.2122344970703
26.842531204223633,134.20938110351562
27.042510986328125,134.20652770996094
27.242490768432617,134.20367431640625
27.44247055053711,134.20082092285156
27.6424503326416,134.19796752929688
27.842430114746094,134.1951141357422
28.042409896850586,134.1922607421875
28.242389678955078,134.1894073486328
28.44236946105957,134.18655395507812
28.642349243164062,134.18370056152344
28.842327117919922,134.18084716796875
29.042308807373047,134.17799377441406
29.242286682128906,134.17514038085938
29.44226837158203,134.1722869873047
29.64224624633789,134.16944885253906
29.842226028442383,134.16659545898438
30.042205810546875,134.1637420654297
30.242185592651367,134.160888671875
30.44216537475586,134.1580352783203
30.64214515686035,134.15518188476562
30.842124938964844,134.15232849121094
31.042104721069336,134.14947509765625
31.242084503173828,134.14662170410156
31.442062377929688,134.14376831054688
31.642044067382812,134.1409149169922
31.842021942138672,134.1380615234375
32.0420036315918,134.1352081298828
32.241981506347656,134.13235473632812
32.44196319580078,134.12950134277344
32.64194107055664,134.12664794921875
32.841922760009766,134.12379455566406
33.041900634765625,134.12095642089844
33.241878509521484,134.11810302734375
33.44186019897461,134.11524963378906
33.641841888427734,134.11239624023438
33.841819763183594,134.1095428466797
34.04179763793945,134.106689453125
34.24177932739258,134.1038360595703
34.44175720214844,134.10098266601562
34.64173889160156,134.09812927246094
34.84171676635742,134.09527587890625
35.04169845581055,134.09242248535156
35.241676330566406,134.08956909179688
35.44165802001953,134.0867156982422
35.64163589477539,134.0838623046875
35.841617584228516,134.0810089111328
36.041595458984375,134.07815551757812
36.241573333740234,134.07530212402344
36.44155502319336,134.0724639892578
36.641536712646484,134.06961059570312
36.841514587402344,134.06675720214844
37.0414924621582,134.06390380859375
37.24147415161133,134.06105041503906
37.44145584106445,134.05819702148438
37.64143371582031,134.0553436279297
37.84141159057617,134.052490234375
38.0413932800293,134.0496368408203
38.241371154785156,134.04678344726562
38.441349029541016,134.04393005371094
38.64133071899414,134.04107666015625
38.841312408447266,134.03822326660156
39.041290283203125,134.03536987304688
39.241268157958984,134.0325164794922
39.44124984741211,134.0296630859375
39.641231536865234,134.0268096923828
39.841209411621094,134.0239715576172
40.04118728637695,134.0211181640625
40.24116897583008,134.0182647705078
40.4411506652832,134.01541137695312
40.64112854003906,134.01255798339844
40.84110641479492,134.00970458984375
41.04108810424805,134.00685119628906
41.241065979003906,134.00399780273438
41.441043853759766,134.0011444091797
41.64102554321289,133.998291015625
41.841007232666016,133.9954376220703
42.040985107421875,133.99258422851562
42.240962982177734,133.98973083496094
42.44094467163086,133.98687744140625
42.640926361083984,133.98402404785156
42.840904235839844,133.98117065429688
43.0408821105957,133.97833251953125
43.24086380004883,133.97547912597656
43.44084548950195,133.97262573242188
43.64082336425781,133.9697723388672
43.84080123901367,133.9669189453125
44.0407829284668,133.9640655517578
44.240760803222656,133.96121215820312
44.440738677978516,133.95835876464844
44.64072036743164,133.95550537109375
44.840702056884766,133.95265197753906
45.040679931640625,133.94979858398438
45.240657806396484,133.9469451904297
45.44063949584961,133.944091796875
45.640621185302734,133.9412384033203
45.840599060058594,133.93838500976562
46.04057693481445,133.93553161621094
46.24055862426758,133.93267822265625
46.4405403137207,133.92984008789062
46.64051818847656,133.92698669433594
46.84049606323242,133.92413330078125
47.04047775268555,133.92127990722656
47.240455627441406,133.91842651367188
47.440433502197266,133.9155731201172
47.64041519165039,133.9127197265625
47.840396881103516,133.9098663330078
48.040374755859375,133.90701293945312
48.240352630615234,133.90415954589844
48.44033432006836,133.90130615234375
48.640316009521484,133.89845275878906
48.840293884277344,133.89559936523438
49.0402717590332,133.8927459716797
49.24025344848633,133.889892578125
49.44023513793945,133.8870391845703
49.64021301269531,133.88418579101562
49.84019088745117,133.88134765625
50.0401725769043,133.8784942626953
50.24015426635742,133.87564086914062
50.440128326416016,133.87278747558594
50.64011001586914,133.86993408203125
50.840091705322266,133.86708068847656
51.040069580078125,133.86422729492188
51.240047454833984,133.8613739013672
51.44002914428711,133.8585205078125
51.640010833740234,133.8556671142578
51.839988708496094,133.85281372070312
52.03996658325195,133.84996032714844
52.23994827270508,133.84710693359375
52.4399299621582,133.84425354003906
52.63990783691406,133.84140014648438
52.83988571166992,133.8385467529297
53.03986740112305,133.835693359375
53.23984909057617,133.83285522460938
53.439823150634766,133.8300018310547
53.63980484008789,133.8271484375
53.839786529541016,133.8242950439453
54.03976821899414,133.82144165039062
54.239742279052734,133.81858825683594
54.43972396850586,133.81573486328125
54.639705657958984,133.81288146972656
54.83968734741211,133.81002807617188
55.0396614074707,133.8071746826172
55.23964309692383,133.8043212890625
55.43962478637695,133.8014678955078
55.63959884643555,133.79861450195312
55.83958053588867,133.79576110839844
56.0395622253418,133.79290771484375
56.23954391479492,133.79005432128906
56.439517974853516,133.78720092773438
56.63949966430664,133.78436279296875
56.839481353759766,133.78150939941406
57.03946304321289,133.77865600585938
57.239437103271484,133.7758026123047
57.43941879272461,133.77294921875
57.639400482177734,133.7700958251953
57.83938217163086,133.76724243164062
58.03935623168945,133.76438903808594
58.23933792114258,133.76153564453125
58.4393196105957,133.75868225097656
58.6392936706543,133.75582885742188
58.83927536010742,133.7529754638672
59.03925704956055,133.7501220703125
59.23923873901367,133.7472686767578
59.439212799072266,133.74441528320312
59.63919448852539,133.74156188964844
59.839176177978516,133.7387237548828
60.03915786743164,133.73587036132812
60.239131927490234,133.73301696777344
60.43911361694336,133.73016357421875
60.639095306396484,133.72731018066406
60.83907699584961,133.72445678710938
61.0390510559082,133.7216033935547
61.23903274536133,133.71875
61.43901443481445,133.7158966064453
61.63898849487305,133.71304321289062
61.83897018432617,133.71018981933594
62.0389518737793,133.70733642578125
62.23893356323242,133.70448303222656
62.438907623291016,133.70162963867188
62.63888931274414,133.6987762451172
62.838871002197266,133.6959228515625
63.03885269165039,133.6930694580078
63.238826751708984,133.6902313232422
63.43880844116211,133.6873779296875
63.638790130615234,133.6845245361328
63.83877182006836,133.68167114257812
64.03874206542969,133.67881774902344
64.23872375488281,133.67596435546875
64.43870544433594,133.67311096191406
64.63867950439453,133.67025756835938
64.83866119384766,133.6674041748047
65.03864288330078,133.66455078125
65.2386245727539,133.6616973876953
65.4385986328125,133.65884399414062
65.63858032226562,133.65599060058594
65.83856201171875,133.65313720703125
66.03854370117188,133.65028381347656
66.23851776123047,133.64743041992188
66.4384994506836,133.6445770263672
66.63848114013672,133.64173889160156
66.83846282958984,133.63888549804688
67.03843688964844,133.6360321044922
67.23841857910156,133.6331787109375
67.43840026855469,133.6303253173828
67.63837432861328,133.62747192382812
67.8383560180664,133.62461853027344
68.03833770751953,133.62176513671875
68.23831939697266,133.61891174316406
68.43829345703125,133.61605834960938
68.63827514648438,133.6132049560547
68.8382568359375,133.6103515625
69.03823852539062,133.6074981689453
69.23821258544922,133.60464477539062
69.43819427490234,133.60179138183594
69.63817596435547,133.59893798828125
69.8381576538086,133.59608459472656
70.03813171386719,133.59324645996094
70.23811340332031,133.59039306640625
70.43809509277344,133.58753967285156
70.63806915283203,133.58468627929688
70.83805084228516,133.5818328857422
71.03803253173828,133.5789794921875
71.2380142211914,133.5761260986328
71.43798828125,133.57327270507812
71.63796997070312,133.57041931152344
71.83795166015625,133.56756591796875
72.03793334960938,133.56471252441406
72.23790740966797,133.56185913085938
72.4378890991211,133.5590057373047
72.63787078857422,133.55615234375
72.83785247802734,133.5532989501953
73.03782653808594,133.55044555664062
73.23780822753906,133.547607421875
73.43778991699219,133.5447540283203
73.63776397705078,133.54190063476562
73.8377456665039,133.53904724121094
74.03772735595703,133.53619384765625
74.23770904541016,133.53334045410156
74.43768310546875,133.53048706054688
74.63766479492188,133.5276336669922
74.837646484375,133.5247802734375
75.03762817382812,133.5219268798828
75.23760223388672,133.51907348632812
75.43758392333984,133.51622009277344
75.63756561279297,133.51336669921875
75.8375473022461,133.51051330566406
76.03752136230469,133.50765991210938
76.23750305175781,133.5048065185547
76.43748474121094,133.501953125
76.63745880126953,133.49911499023438
76.83744049072266,133.4962615966797
77.03742218017578,133.493408203125
77.2374038696289,133.4905548095703
77.4373779296875,133.48770141601562
77.63735961914062,133.48484802246094
77.83734130859375,133.48199462890625
78.03732299804688,133.47914123535156
78.23729705810547,133.47628784179688
78.4372787475586,133.4734344482422
78.63726043701172,133.4705810546875
78.83724212646484,133.4677276611328
79.03721618652344,133.46487426757812
79.23719787597656,133.46202087402344
79.43717956542969,133.45916748046875
79.63715362548828,133.45631408691406
79.8371353149414,133.45346069335938
80.03711700439453,133.45062255859375
80.23709869384766,133.44776916503906
80.43707275390625,133.44491577148438
80.63705444335938,133.4420623779297
80.8370361328125,133.439208984375
81.03701782226562,133.4363555908203
81.23699188232422,133.43350219726562
81.43697357177734,133.43064880371094
81.63695526123047,133.42779541015625
81.8369369506836,133.42494201660156
82.03691101074219,133.42208862304688
82.23689270019531,133.4192352294922
82.43687438964844,133.4163818359375
82.63684844970703,133.4135284423828
82.83683013916016,133.41067504882812
83.03681182861328,133.40782165527344
83.2367935180664,133.40496826171875
83.436767578125,133.40213012695312
83.63674926757812,133.39927673339844
83.83673095703125,133.39642333984375
84.03671264648438,133.39356994628906
84.23668670654297,133.39071655273438
84.4366683959961,133.3878631591797
84.63665008544922,133.385009765625
84.83663177490234,133.3821563720703
85.03660583496094,133.37930297851562
85.23658752441406,133.37644958496094
85.43656158447266,133.37359619140625
85.63654327392578,133.37074279785156
85.8365249633789,133.36788940429688
86.03650665283203,133.3650360107422
86.23648071289062,133.3621826171875
86.43646240234375,133.3593292236328
86.63644409179688,133.3564910888672
86.83642578125,133.3536376953125
87.0363998413086,133.3507843017578
87.23638153076172,133.34793090820312
87.43636322021484,133.34507751464844
87.63634490966797,133.34222412109375
87.83631896972656,133.33937072753906
88.03630065917969,133.33651733398438
88.23628234863281,133.3336639404297
88.43626403808594,133.330810546875
88.63623809814453,133.3279571533203
88.83621978759766,133.32510375976562
89.03620147705078,133.32225036621094
89.23617553710938,133.31939697265625
89.4361572265625,133.31654357910156
89.63613891601562,133.31369018554688
89.83612060546875,133.3108367919922
90.03609466552734,133.30799865722656
90.23607635498047,133.30514526367188
90.4360580444336,133.3022918701172
90.63603973388672,133.2994384765625
90.83601379394531,133.2965850830078
91.03599548339844,133.29373168945312
91.23597717285156,133.29087829589844
91.43595886230469,133.28802490234375
91.63593292236328,133.28517150878906
91.8359146118164,133.28231811523438
92.03589630126953,133.2794647216797
92.23587036132812,133.276611328125
92.43585205078125,133.2737579345703
92.63583374023438,133.27090454101562
92.8358154296875,133.26805114746094
93.0357894897461,133.26519775390625
93.23577117919922,133.26234436035156
93.43575286865234,133.25950622558594
93.63573455810547,133.25665283203125
93.83570861816406,133.25379943847656
94.03569030761719,133.25094604492188
94.23567199707031,133.2480926513672
94.43565368652344,133.2452392578125
94.63562774658203,133.2423858642578
94.83560943603516,133.23953247070312
95.03559112548828,133.23667907714844
95.23556518554688,133.23382568359375
95.435546875,133.23097229003906
95.63552856445312,133.22811889648438
95.83551025390625,133.2252655029297
96.03548431396484,133.222412109375
96.23546600341797,133.2195587158203
96.4354476928711,133.21670532226562
96.63542938232422,133.21385192871094
96.83540344238281,133.2110137939453
97.03538513183594,133.20816040039062
97.23536682128906,133.20530700683594
97.43534851074219,133.20245361328125
97.63532257080078,133.19960021972656
97.8353042602539,133.19674682617188
98.03528594970703,133.1938934326172
98.23526000976562,133.1910400390625
98.43524169921875,133.1881866455078
98.63522338867188,133.18533325195312
98.835205078125,133.18247985839844
99.0351791381836,133.17962646484375
99.23516082763672,133.17677307128906
99.43514251708984,133.17391967773438
99.63512420654297,133.1710662841797
99.83509826660156,133.168212890625
100.03507995605469,133.16537475585938
100.23506164550781,133.1625213623047
100.43504333496094,133.15966796875
100.63501739501953,133.1568145751953
100.83499908447266,133.15396118164062
101.03498077392578,133.15110778808594
101.23495483398438,133.14825439453125
101.4349365234375,133.14540100097656
101.63491821289062,133.14254760742188
101.83489990234375,133.1396942138672
102.03487396240234,133.1368408203125
102.23485565185547,133.1339874267578
102.4348373413086,133.13113403320312
102.63481903076172,133.12828063964844
102.83479309082031,133.12542724609375
103.03477478027344,133.12257385253906
103.23475646972656,133.11972045898438
103.43473815917969,133.11688232421875
103.63471221923828,133.11402893066406
103.8346939086914,133.11117553710938
104.03467559814453,133.1083221435547
104.23464965820312,133.10546875
104.43463134765625,133.1026153564453
104.63461303710938,133.09976196289062
104.8345947265625,133.09690856933594
105.0345687866211,133.09405517578125
105.23455047607422,133.09120178222656
105.43453216552734,133.08834838867188
105.63451385498047,133.0854949951172
105.83448791503906,133.0826416015625
106.03446960449219,133.0797882080078
106.23445129394531,133.07693481445312
106.43443298339844,133.07408142089844
106.63440704345703,133.07122802734375
106.83438873291016,133.06838989257812
107.03437042236328,133.06553649902344
107.23434448242188,133.06268310546875
107.434326171875,133.05982971191406
107.63430786132812,133.05697631835938
107.83428955078125,133.0541229248047
108.03426361083984,133.05126953125
108.23424530029297,133.0484161376953
108.4342269897461,133.04556274414062
108.63420867919922,133.04270935058594
108.83418273925781,133.03985595703125
109.03416442871094,133.03700256347656
109.23414611816406,133.03414916992188
109.43412780761719,133.0312957763672
109.63410186767578,133.0284423828125
109.8340835571289,133.0255889892578
110.03406524658203,133.02273559570312
110.23403930664062,133.0198974609375
110.43402099609375,133.0170440673828
110.63400268554688,133.01419067382812
110.833984375,133.01133728027344
111.0339584350586,133.00848388671875
111.23394012451172,133.00563049316406
111.43392181396484,133.00277709960938
111.63390350341797,132.9999237060547
111.83387756347656,132.9970703125
112.03385925292969,132.9942169189453
112.23384094238281,132.99136352539062
112.43382263183594,132.98851013183594
112.63379669189453,132.98565673828125
112.83377838134766,132.98280334472656
113.03376007080078,132.97994995117188
113.23373413085938,132.9770965576172
113.4337158203125,132.9742431640625
113.63369750976562,132.97140502929688
113.83367919921875,132.9685516357422
114.03365325927734,132.9656982421875
114.23363494873047,132.9628448486328
114.4336166381836,132.95999145507812
114.63359832763672,132.95713806152344
114.83357238769531,132.95428466796875
115.03355407714844,132.95143127441406
115.23353576660156,132.94857788085938
115.43351745605469,132.9457244873047
115.63349151611328,132.94287109375
115.8334732055664,132.9400177001953
116.03345489501953,132.93716430664062
116.23342895507812,132.93431091308594
116.43341064453125,132.93145751953125
116.63339233398438,132.92860412597656
116.8333740234375,132.92576599121094
117.0333480834961,132.92291259765625
117.23332977294922,132.92005920410156
117.43331146240234,132.91720581054688
117.63329315185547,132.9143524169922
117.83326721191406,132.9114990234375
118.03324890136719,132.9086456298828
118.23323059082031,132.90579223632812
118.43321228027344,132.90293884277344
118.63318634033203,132.90008544921875
118.83316802978516,132.89723205566406
119.03314971923828,132.89437866210938
119.23312377929688,132.8915252685547
119.43310546875,132.888671875
119.63308715820312,132.8858184814453
119.83306884765625,132.88296508789062
120.03304290771484,132.88011169433594
120.23302459716797,132.8772735595703
120.4330062866211,132.87442016601562
120.63298797607422,132.87156677246094
120.83296203613281,132.86871337890625
121.03294372558594,132.86585998535156
121.23292541503906,132.86300659179688
121.43290710449219,132.8601531982422
121.63288116455078,132.8572998046875
121.8328628540039,132.8544464111328
122.03284454345703,132.85159301757812
122.23281860351562,132.84873962402344
122.43280029296875,132.84588623046875
122.63278198242188,132.84303283691406
122.832763671875,132.84017944335938
123.0327377319336,132.8373260498047
123.23271942138672,132.83447265625
123.43270111083984,132.8316192626953
123.63268280029297,132.8287811279297
123.83265686035156,132.825927734375
124.03263854980469,132.8230743408203
124.23262023925781,132.82022094726562
124.43260192871094,132.81736755371094
124.63257598876953,132.81451416015625
124.83255767822266,132.81166076660156
125.03253936767578,132.80880737304688
125.23251342773438,132.8059539794922
125.4324951171875,132.8031005859375
125.63247680664062,132.8002471923828
125.83245849609375,132.79739379882812
126.03243255615234,132.79454040527344
126.23241424560547,132.79168701171875
126.4323959350586,132.78883361816406
126.63237762451172,132.78598022460938
126.83235168457031,132.7831268310547
127.03233337402344,132.78028869628906
127.23231506347656,132.77743530273438
127.43229675292969,132.7745819091797
127.63227081298828,132.771728515625
127.8322525024414,132.7688751220703
128.03224182128906,132.76602172851562
128.2322235107422,132.76316833496094
128.4322052001953,132.76031494140625
128.63218688964844,132.75746154785156
128.83216857910156,132.75460815429688
129.03213500976562,132.7517547607422
129.23211669921875,132.7489013671875
129.43209838867188,132.7460479736328
129.632080078125,132.74319458007812
129.83206176757812,132.74034118652344
130.03204345703125,132.73748779296875
130.23202514648438,132.73464965820312
130.4320068359375,132.73179626464844
130.63197326660156,132.72894287109375
130.83909606933594,132.7256622314453
131.0481414794922,132.72128295898438
131.2571563720703,132.7158203125
131.46615600585938,132.70925903320312
131.6750946044922,132.70162963867188
131.88400268554688,132.69290161132812
132.09286499023438,132.68309020996094
132.30166625976562,132.67221069335938
132.5104217529297,132.6602325439453
132.71908569335938,132.6471710205078
132.9276885986328,132.63304138183594
133.13623046875,132.61781311035156
133.3446807861328,132.60150146484375
133.5530548095703,132.5841064453125
133.76132202148438,132.56564331054688
133.96949768066406,132.54608154296875
134.1775665283203,132.52545166015625
134.38551330566406,132.50372314453125
134.59336853027344,132.48094177246094
134.80108642578125,132.4570770263672
135.00868225097656,132.43209838867188
135.2161407470703,132.4060821533203
135.4234619140625,132.37896728515625
135.63064575195312,132.3507843017578
135.83767700195312,132.32151794433594
136.0445556640625,132.29119873046875
136.25128173828125,132.25978088378906
136.45782470703125,132.22731018066406
136.66419982910156,132.19374084472656
136.8704071044922,132.1591339111328
137.076416015625,132.12342834472656
137.28225708007812,132.08665466308594
137.48789978027344,132.04881286621094
137.69332885742188,132.00991821289062
137.8985595703125,131.96995544433594
138.1035919189453,131.92892456054688
138.3083953857422,131.88682556152344
138.51296997070312,131.84365844726562
138.7173309326172,131.7994384765625
138.9214630126953,131.754150390625
139.12535095214844,131.7078094482422
139.32899475097656,131.660400390625
139.5323944091797,131.6119384765625
139.73553466796875,131.56243896484375
139.93841552734375,131.51185607910156
140.14102172851562,131.46023559570312
140.3433837890625,131.40756225585938
140.54544067382812,131.35385131835938
140.74722290039062,131.299072265625
140.94873046875,131.24325561523438
141.14993286132812,131.18638610839844
141.35084533691406,131.12847900390625
141.55145263671875,131.06951904296875
141.7517547607422,131.009521484375
141.95172119140625,130.948486328125
142.15138244628906,130.88641357421875
142.35072326660156,130.82330322265625
142.54974365234375,130.7591552734375
142.7484130859375,130.69400024414062
142.94674682617188,130.62777709960938
143.1447296142578,130.56056213378906
143.3423614501953,130.49229431152344
143.5396270751953,130.42300415039062
143.73654174804688,130.35269165039062
143.93309020996094,130.28135681152344
144.12925720214844,130.20899963378906
144.32505798339844,130.13563537597656
144.5204620361328,130.06124877929688
144.71548461914062,129.98583984375
144.91009521484375,129.90943908691406
145.10433959960938,129.83201599121094
145.29815673828125,129.7535858154297
145.49156188964844,129.6741485595703
145.6845703125,129.5937042236328
145.87713623046875,129.51226806640625
146.0692901611328,129.42982482910156
146.26101684570312,129.3463897705078
146.45230102539062,129.261962890625
146.6431427001953,129.17652893066406
146.83352661132812,129.09011840820312
147.0234832763672,129.00271606445312
147.2129669189453,128.91433715820312
147.40200805664062,128.82496643066406
147.59056091308594,128.734619140625
147.77865600585938,128.64329528808594
147.9662628173828,128.5509796142578
148.15338134765625,128.45770263671875
148.34002685546875,128.3634490966797
148.52618408203125,128.2682342529297
148.7118377685547,128.17205810546875
148.89698791503906,128.0749053955078
149.08163452148438,127.976806640625
149.26576232910156,127.87773895263672
149.44937133789062,127.7777328491211
149.63247680664062,127.6767578125
149.81503295898438,127.57484436035156
149.99708557128906,127.47196960449219
150.17857360839844,127.3681640625
150.35952758789062,127.26341247558594
150.53993225097656,127.15772247314453
150.71978759765625,127.05109405517578
150.8990936279297,126.94354248046875
151.0778350830078,126.83505249023438
151.25601196289062,126.72563934326172
151.43362426757812,126.61529541015625
151.6106414794922,126.50403594970703
151.78709411621094,126.39185333251953
151.9629669189453,126.27877044677734
152.1382293701172,126.16475677490234
152.31292724609375,126.04985809326172
152.48699951171875,125.93402862548828
152.6604766845703,125.81731414794922
152.83335876464844,125.6996841430664
153.00559997558594,125.58116912841797
153.17723083496094,125.46176147460938
153.3482666015625,125.34146118164062
153.51864624023438,125.22027587890625
153.6884002685547,125.09820556640625
153.85751342773438,124.97525787353516
154.02598571777344,124.85142517089844
154.19381713867188,124.72673034667969
154.36102294921875,124.60115814208984
154.5275421142578,124.47472381591797
154.69342041015625,124.34741973876953
154.85861206054688,124.2192611694336
155.0231475830078,124.09024810791016
155.18702697753906,123.96037292480469
155.3502197265625,123.82965850830078
155.51272583007812,123.6980972290039
155.67454528808594,123.5656967163086
155.83567810058594,123.43244171142578
155.99612426757812,123.2983627319336
156.15585327148438,123.1634521484375
156.3148956298828,123.0277099609375
156.4732208251953,122.89115142822266
156.63084411621094,122.7537612915039
156.78775024414062,122.61556243896484
156.9439239501953,122.47655487060547
157.09939575195312,122.33672332763672
157.25413513183594,122.19609832763672
157.4081268310547,122.0546646118164
157.56138610839844,121.91244506835938
157.7139129638672,121.76941680908203
157.8656768798828,121.6256103515625
158.01670837402344,121.48101043701172
158.16697692871094,121.33562469482422
158.31649780273438,121.18946838378906
158.4652557373047,121.04252624511719
158.61325073242188,120.89482879638672
158.76046752929688,120.74635314941406
158.90692138671875,120.59712219238281
159.05258178710938,120.44712829589844
159.1973114013672,120.29656219482422
159.34127807617188,120.14527893066406
159.4844512939453,119.9932861328125
159.62689208984375,119.84056091308594
159.7685546875,119.68711853027344
159.909423828125,119.53296661376953
160.0495147705078,119.37810516357422
160.18882751464844,119.22254180908203
160.32736206054688,119.06627655029297
160.465087890625,118.90930938720703
160.60205078125,118.75165557861328
160.73818969726562,118.59330749511719
160.87353515625,118.43428039550781
161.00808715820312,118.27456665039062
161.14181518554688,118.11418151855469
161.27474975585938,117.953125
161.4068603515625,117.79139709472656
161.5381317138672,117.6290054321289
161.66860961914062,117.4659423828125
161.7982635498047,117.30223846435547
161.9270782470703,117.13787078857422
162.05508422851562,116.97286224365234
162.18222045898438,116.80721282958984
162.3085479736328,116.64091491699219
162.43402099609375,116.4739990234375
162.55865478515625,116.30643463134766
162.68243408203125,116.13824462890625
162.80538940429688,115.96944427490234
162.92745971679688,115.80001831054688
163.04869079589844,115.6299819946289
163.16905212402344,115.4593276977539
163.28855895996094,115.28807830810547
163.40719604492188,115.11621856689453
163.52496337890625,114.94377136230469
163.64187622070312,114.77072143554688
163.75790405273438,114.59709930419922
163.873046875,114.42288970947266
163.9873046875,114.24809265136719
164.10069274902344,114.07272338867188
164.21319580078125,113.89678192138672
164.32479858398438,113.72028350830078
164.43551635742188,113.54322814941406
164.5453338623047,113.36560821533203
164.65426635742188,113.18743896484375
164.76229858398438,113.00871276855469
164.86941528320312,112.82946014404297
164.97564697265625,112.64966583251953
165.0809326171875,112.46932220458984
165.1853485107422,112.28846740722656
165.288818359375,112.10708618164062
165.39138793945312,111.92517852783203
165.49302673339844,111.74275970458984
165.59375,111.55982971191406
165.6935577392578,111.37638854980469
165.7924346923828,111.19245910644531
165.890380859375,111.00801849365234
165.98739624023438,110.8230972290039
166.08348083496094,110.63768005371094
166.17861938476562,110.45178985595703
166.2728271484375,110.26541900634766
166.3660888671875,110.07855987548828
166.45840454101562,109.89125061035156
166.54977416992188,109.70347595214844
166.6402130126953,109.51524353027344
166.7296600341797,109.32655334472656
166.8181915283203,109.13741302490234
166.90576171875,108.94783020019531
166.99237060546875,108.75780487060547
167.07801818847656,108.56734466552734
167.16270446777344,108.37646484375
167.2464141845703,108.18515014648438
167.3291778564453,107.99342346191406
167.4109649658203,107.80127716064453
167.49179077148438,107.60871887207031
167.57162475585938,107.41575622558594
167.65049743652344,107.22239685058594
167.72840881347656,107.02864074707031
167.80531311035156,106.8344955444336
167.88124084472656,106.63996124267578
167.95620727539062,106.4450454711914
168.03016662597656,106.249755859375
168.1031494140625,106.0541000366211
168.17514038085938,105.85806274414062
168.2461395263672,105.66168212890625
168.31614685058594,105.4649429321289
168.38516235351562,105.2678451538086
168.4532012939453,105.0704116821289
168.5202178955078,104.87262725830078
168.58624267578125,104.67451477050781
168.6512908935547,104.47606658935547
168.71531677246094,104.27729797363281
168.77833557128906,104.07820892333984
168.84034729003906,103.87879943847656
168.90135192871094,103.6790771484375
168.96136474609375,103.47905731201172
169.02035522460938,103.27873229980469
169.07833862304688,103.07811737060547
169.1352996826172,102.87720489501953
169.19125366210938,102.67601776123047
169.24618530273438,102.47454071044922
169.30010986328125,102.27279663085938
169.35302734375,102.07078552246094
169.4049072265625,101.86849975585938
169.45574951171875,101.66596221923828
169.50559997558594,101.46316528320312
169.55441284179688,101.26012420654297
169.60220336914062,101.05683135986328
169.6489715576172,100.85330963134766
169.69471740722656,100.64955139160156
169.73941040039062,100.44556427001953
169.7830810546875,100.2413558959961
169.82574462890625,100.03693389892578
169.8673553466797,99.83229064941406
169.90792846679688,99.62744140625
169.94749450683594,99.42239379882812
169.9860076904297,99.21714782714844
170.02346801757812,99.01171112060547
170.05990600585938,98.80608367919922
170.0953369140625,98.60028076171875
170.12969970703125,98.39429473876953
170.1630096435547,98.18814849853516
170.1953125,97.9818344116211
170.22654724121094,97.77534484863281
170.25674438476562,97.56871795654297
170.28590393066406,97.3619384765625
170.3140106201172,97.1550064086914
170.34107971191406,96.94794464111328
170.36712646484375,96.74073791503906
170.39210510253906,96.53340911865234
170.41603088378906,96.32595825195312
170.43890380859375,96.11839294433594
170.46075439453125,95.91070556640625
170.48155212402344,95.70291137695312
170.50128173828125,95.4950180053711
170.5199737548828,95.28703308105469
170.53762817382812,95.07894897460938
170.55422973632812,94.87078094482422
170.56976318359375,94.66252899169922
170.58425903320312,94.45420837402344
170.59768676757812,94.24581146240234
170.61009216308594,94.037353515625
170.62142944335938,93.8288345336914
170.63172912597656,93.6202621459961
170.6409454345703,93.41163635253906
170.6491241455078,93.20296478271484
170.65626525878906,92.9942626953125
170.66232299804688,92.78551483154297
170.66734313964844,92.57675170898438
170.67132568359375,92.36795806884766
170.6742401123047,92.15914916992188
170.67611694335938,91.95033264160156
170.67691040039062,91.74150848388672
170.6769256591797,91.53881072998047
170.67689514160156,91.33881378173828
170.67684936523438,91.1388168334961
170.67681884765625,90.93881225585938
170.67677307128906,90.73881530761719
170.67674255371094,90.53881072998047
170.67669677734375,90.33881378173828
170.67666625976562,90.1388168334961
170.67662048339844,89.93881225585938
170.6765899658203,89.73881530761719
170.67654418945312,89.53881072998047
170.676513671875,89.33881378173828
170.67645263671875,89.01881408691406
170.67645263671875,89.01881408691406
170.67642211914062,88.81881713867188
170.67637634277344,88.61881256103516
170.6763458251953,88.4088134765625
170.6763458251953,88.4088134765625
170.6763153076172,88.20881652832031
170.67626953125,88.0088119506836
170.67623901367188,87.8088150024414
170.6761932373047,87.60881042480469
170.67616271972656,87.4088134765625
170.67611694335938,87.20881652832031
170.67608642578125,87.0088119506836
170.67604064941406,86.8088150024414
170.67601013183594,86.60881042480469
170.67596435546875,86.4088134765625
170.67593383789062,86.20881652832031
170.67588806152344,86.0088119506836
170.6758575439453,85.8088150024414
170.67581176757812,85.60881042480469
170.67578125,85.4088134765625
170.6757354736328,85.20881652832031
170.6757049560547,85.0088119506836
170.6756591796875,84.8088150024414
170.67562866210938,84.60881042480469
170.6755828857422,84.39881134033203
170.6755828857422,84.39881134033203
170.67555236816406,84.19881439208984
170.67550659179688,83.99880981445312
170.67547607421875,83.79881286621094
170.67543029785156,83.59880828857422
170.6753692626953,83.28881072998047
170.6753692626953,83.28881072998047
170.6753387451172,83.08881378173828
170.67529296875,82.88880920410156
170.67526245117188,82.68881225585938
170.6752166748047,82.48880767822266
170.67518615722656,82.28881072998047
170.67514038085938,82.08881378173828
170.67510986328125,81.88880920410156
170.67506408691406,81.68881225585938
170.67503356933594,81.48880767822266
170.67498779296875,81.28881072998047
170.67495727539062,81.08881378173828
170.67491149902344,80.88880920410156
170.6748809814453,80.68881225585938
170.67483520507812,80.48880767822266
170.6748046875,80.28881072998047
170.6747589111328,80.08881378173828
170.6747283935547,79.88880920410156
170.6746826171875,79.68881225585938
170.67465209960938,79.48880767822266
170.6746063232422,79.28881072998047
170.67457580566406,79.08881378173828
170.67453002929688,78.88880920410156
170.67446899414062,78.5088119506836
170.67446899414062,78.5088119506836
170.6744384765625,78.3088150024414
170.6743927001953,78.10881042480469
170.6743621826172,77.9088134765625
170.67431640625,77.70880889892578
170.67428588867188,77.5088119506836
170.6742401123047,77.3088150024414
170.67420959472656,77.10881042480469
170.67416381835938,76.9088134765625
170.6741180419922,76.70843505859375
170.6739959716797,76.50285339355469
170.67176818847656,76.27960968017578
170.66656494140625,76.05640411376953
170.6584014892578,75.83330535888672
170.6472625732422,75.61031341552734
170.63314819335938,75.38750457763672
170.61610412597656,75.16490173339844
170.59608459472656,74.94253540039062
170.57310485839844,74.720458984375
170.5471954345703,74.49871063232422
170.51832580566406,74.27732849121094
170.4865264892578,74.05634307861328
170.4517822265625,73.83580017089844
170.41412353515625,73.6157455444336
170.37353515625,73.39620208740234
170.3300323486328,73.1772232055664
170.28363037109375,72.9588394165039
170.23431396484375,72.74109649658203
170.18211364746094,72.52401733398438
170.12704467773438,72.30766296386719
170.069091796875,72.09205627441406
170.00827026367188,71.87724304199219
169.94461059570312,71.66324615478516
169.87811279296875,71.45011901855469
169.80877685546875,71.23789978027344
169.7366485595703,71.026611328125
169.6616973876953,70.8163070678711
169.58395385742188,70.60701751708984
169.5034637451172,70.39877319335938
169.42019653320312,70.1916275024414
169.3341827392578,69.98560333251953
169.2454376220703,69.7807388305664
169.15396118164062,69.57707214355469
169.059814453125,69.3746337890625
168.9629669189453,69.17347717285156
168.86346435546875,68.97361755371094
168.7613067626953,68.77510070800781
168.65652465820312,68.57795715332031
168.54913330078125,68.3822250366211
168.4391326904297,68.18794250488281
168.3265838623047,67.99512481689453
168.2114715576172,67.8038330078125
168.09384155273438,67.61408233642578
167.97366333007812,67.42591094970703
167.8510284423828,67.23936462402344
167.7259063720703,67.05445098876953
167.5983428955078,66.87122344970703
167.46836853027344,66.68970489501953
167.33596801757812,66.50993347167969
167.20120239257812,66.33193969726562
167.06407165527344,66.15574645996094
166.9246368408203,65.98139190673828
166.78286743164062,65.80891418457031
166.6388397216797,65.6383285522461
166.4925537109375,65.46967315673828
166.3440399169922,65.302978515625
166.1933135986328,65.1382827758789
166.04042053222656,64.9755859375
165.8853759765625,64.81494903564453
165.72821044921875,64.65637969970703
165.56893920898438,64.49991607666016
165.40762329101562,64.3455810546875
165.24424743652344,64.19340515136719
165.07887268066406,64.04341888427734
164.91151428222656,63.89564514160156
164.74441528320312,63.751834869384766
164.57688903808594,63.61083984375
164.4078369140625,63.47166061401367
164.23727416992188,63.33432388305664
164.06524658203125,63.1988525390625
163.89175415039062,63.065250396728516
163.71682739257812,62.933528900146484
163.5404815673828,62.8037223815918
163.36273193359375,62.67583465576172
163.18362426757812,62.54987716674805
163.00314331054688,62.42586898803711
162.82131958007812,62.30382537841797
162.63819885253906,62.18376159667969
162.45379638671875,62.06568908691406
162.2681121826172,61.949623107910156
162.0811767578125,61.83557891845703
161.89303588867188,61.72356414794922
161.70367431640625,61.61360168457031
161.5131378173828,61.50569152832031
161.32142639160156,61.39986038208008
161.12860107421875,61.296112060546875
160.9346466064453,61.194454193115234
160.73960876464844,61.094913482666016
160.54348754882812,60.99748992919922
160.3463592529297,60.902198791503906
160.14817810058594,60.809051513671875
159.94900512695312,60.718055725097656
159.7488555908203,60.62922668457031
159.54776000976562,60.542572021484375
159.3457489013672,60.45810317993164
159.14280700683594,60.37582778930664
158.93899536132812,60.29575729370117
158.73434448242188,60.2179069519043
158.52883911132812,60.142276763916016
158.32252502441406,60.068878173828125
158.1154327392578,59.997718811035156
157.9075927734375,59.928810119628906
157.6990203857422,59.862159729003906
157.48971557617188,59.79777526855469
157.2797393798828,59.73566436767578
157.06910705566406,59.67583465576172
156.8578338623047,59.618289947509766
156.6459503173828,59.56303787231445
156.43345642089844,59.51008987426758
156.22042846679688,59.45944595336914
156.00685119628906,59.41111373901367
155.7927703857422,59.36510467529297
155.5782012939453,59.32141876220703
155.3631591796875,59.28005599975586
155.147705078125,59.241031646728516
154.93182373046875,59.204341888427734
154.71556091308594,59.16999816894531
154.4989471435547,59.13800048828125
154.281982421875,59.10835266113281
154.06471252441406,59.08106231689453
153.84716796875,59.056129455566406
153.62936401367188,59.03355026245117
153.41131591796875,59.013336181640625
153.19308471679688,58.99549102783203
152.9746551513672,58.980010986328125
152.75607299804688,58.96689987182617
152.537353515625,58.95615768432617
152.3185577392578,58.94778823852539
152.0996551513672,58.94179153442383
151.88072204589844,58.938167572021484
151.6617431640625,58.936920166015625
151.45675659179688,58.93736267089844
151.256591796875,58.9378776550293
150.95578002929688,58.93865203857422
150.95578002929688,58.93865203857422
150.7557830810547,58.93916702270508
150.5557861328125,58.93968200683594
150.3557891845703,58.9401969909668
150.15577697753906,58.940711975097656
149.95578002929688,58.94122314453125
149.7557830810547,58.94173812866211
149.5557861328125,58.94225311279297
149.3557891845703,58.94276809692383
149.15579223632812,58.94328308105469
148.95578002929688,58.94379806518555
148.7557830810547,58.944313049316406
148.5557861328125,58.944828033447266
148.3557891845703,58.94533920288086
148.15579223632812,58.94585418701172
147.95579528808594,58.94636917114258
147.7557830810547,58.94688415527344
147.5557861328125,58.9473991394043
147.3557891845703,58.947914123535156
147.15579223632812,58.948429107666016
146.95579528808594,58.948944091796875
146.75579833984375,58.94945526123047
146.55580139160156,58.94997024536133
146.3557891845703,58.95048522949219
146.15579223632812,58.95100021362305
145.95579528808594,58.951515197753906
145.75579833984375,58.952030181884766
145.55580139160156,58.952545166015625
145.35580444335938,58.953060150146484
145.05580139160156,58.95383071899414
145.05580139160156,58.95383071899414
144.85580444335938,58.954345703125
144.6558074951172,58.95486068725586
144.455810546875,58.95537567138672
144.25579833984375,58.95589065551758
144.05580139160156,58.95640182495117
143.85580444335938,58.95691680908203
143.6558074951172,58.95743179321289
143.455810546875,58.95794677734375
143.2558135986328,58.95846176147461
143.05580139160156,58.95897674560547
142.85580444335938,58.95949172973633
142.6558074951172,58.96000671386719
142.455810546875,58.96051788330078
142.2558135986328,58.96103286743164
142.05581665039062,58.9615478515625
141.85581970214844,58.96206283569336
141.6558074951172,58.96257781982422
141.455810546875,58.96309280395508
141.23580932617188,58.96365737915039
141.23580932617188,58.96365737915039
141.0358123779297,58.96417236328125
140.8358154296875,58.96468734741211
140.6358184814453,58.96520233154297
140.43580627441406,58.96571731567383
140.23580932617188,58.96622848510742
140.0358123779297,58.96674346923828
139.8358154296875,58.96725845336914
139.6358184814453,58.9677734375
139.43582153320312,58.96828842163086
139.23580932617188,58.96880340576172
139.0358123779297,58.96931838989258
138.8358154296875,58.96983337402344
138.6358184814453,58.97034454345703
138.43582153320312,58.97085952758789
138.23582458496094,58.97137451171875
138.0358123779297,58.97188949584961
137.8358154296875,58.97240447998047
137.6358184814453,58.97291946411133
137.43582153320312,58.97343444824219
137.23582458496094,58.97394943237305
137.03582763671875,58.97446060180664
136.73582458496094,58.97523498535156
136.73582458496094,58.97523498535156
136.35581970214844,58.97621154785156
136.35581970214844,58.97621154785156
136.15582275390625,58.97672653198242
135.95582580566406,58.97724151611328
135.75582885742188,58.97775650024414
135.55581665039062,58.978271484375
135.35581970214844,58.978782653808594
135.15582275390625,58.97929763793945
134.95582580566406,58.97981262207031
134.75582885742188,58.98032760620117
134.5558319091797,58.98084259033203
134.35581970214844,58.98135757446289
134.15582275390625,58.98187255859375
133.95582580566406,58.98238754272461
133.75582885742188,58.9828987121582
133.5558319091797,58.98341369628906
133.3558349609375,58.98392868041992
133.1558380126953,58.98444366455078
132.95582580566406,58.98495864868164
132.75582885742188,58.9854736328125
132.5558319091797,58.98598861694336
132.3558349609375,58.98650360107422
132.1558380126953,58.98701477050781
131.95584106445312,58.98752975463867
131.75582885742188,58.98804473876953
131.5558319091797,58.98855972290039
131.3558349609375,58.98907470703125
131.1558380126953,58.98958969116211
130.95584106445312,58.99010467529297
130.75584411621094,58.99061965942383
130.5558319091797,58.99113464355469
130.3558349609375,58.99164581298828
130.1558380126953,58.99216079711914
129.95584106445312,58.99267578125
129.75584411621094,58.99319076538086
129.55584716796875,58.99370574951172
129.35585021972656,58.99422073364258
129.1558380126953,58.99473571777344
128.95584106445312,58.9952507019043
128.75584411621094,58.99576187133789
128.55584716796875,58.99627685546875
128.35585021972656,58.99679183959961
128.15585327148438,58.99730682373047
127.95584869384766,58.99782180786133
127.75584411621094,58.99833679199219
127.55584716796875,58.99885177612305
127.35585021972656,58.999366760253906
127.15585327148438,58.9998779296875
126.95584869384766,59.00039291381836
126.75585174560547,59.00090789794922
126.55585479736328,59.00142288208008
126.35585021972656,59.00193786621094
126.15585327148438,59.0024528503418
125.95585632324219,59.002967834472656
125.75585174560547,59.003482818603516
125.55585479736328,59.003997802734375
125.3558578491211,59.00450897216797
125.15585327148438,59.00502395629883
124.95585632324219,59.00553894042969
124.755859375,59.00605392456055
124.55586242675781,59.006568908691406
124.3558578491211,59.007083892822266
124.1558609008789,59.007598876953125
123.95586395263672,59.008113861083984
123.755859375,59.00862503051758
123.55586242675781,59.00914001464844
123.35586547851562,59.0096549987793
123.1558609008789,59.010169982910156
122.95586395263672,59.010684967041016
122.75586700439453,59.011199951171875
122.55586242675781,59.011714935302734
122.35586547851562,59.012229919433594
122.15586853027344,59.01274108886719
121.95587158203125,59.01325607299805
121.75586700439453,59.013771057128906
121.55587005615234,59.014286041259766
121.35586547851562,59.014801025390625
121.15586853027344,59.015316009521484
120.95587158203125,59.015830993652344
120.75587463378906,59.0163459777832
120.55587005615234,59.01686096191406
120.35587310791016,59.017372131347656
120.15587615966797,59.017887115478516
119.95587158203125,59.018402099609375
119.75587463378906,59.018917083740234
119.55587768554688,59.019432067871094
119.35587310791016,59.01994705200195
119.15587615966797,59.02046203613281
118.95587921142578,59.02097702026367
118.75587463378906,59.021488189697266
118.55587768554688,59.022003173828125
118.35588073730469,59.022518157958984
118.1558837890625,59.023033142089844
117.95587921142578,59.0235481262207
117.7558822631836,59.02406311035156
117.55587768554688,59.02457809448242
117.35588073730469,59.02509307861328
117.1558837890625,59.025604248046875
116.95588684082031,59.026119232177734
116.7558822631836,59.026634216308594
116.5558853149414,59.02714920043945
116.35588836669922,59.02766418457031
116.1558837890625,59.02817916870117
115.95588684082031,59.02869415283203
115.75588989257812,59.02920913696289
115.55589294433594,59.02972412109375
115.35588836669922,59.030235290527344
115.15589141845703,59.0307502746582
114.95588684082031,59.03126525878906
114.75588989257812,59.03178024291992
114.55589294433594,59.03229522705078
114.35589599609375,59.03281021118164
114.15589141845703,59.0333251953125
113.95589447021484,59.03384017944336
113.75588989257812,59.03435134887695
113.55589294433594,59.03486633300781
113.35589599609375,59.03538131713867
113.15589904785156,59.03589630126953
112.95589447021484,59.03641128540039
112.75589752197266,59.03692626953125
112.55590057373047,59.03744125366211
112.35589599609375,59.03795623779297
112.15589904785156,59.03846740722656
111.95590209960938,59.03898239135742
111.75590515136719,59.03949737548828
111.55590057373047,59.04001235961914
111.35590362548828,59.04052734375
111.15589904785156,59.04104232788086
110.95590209960938,59.04155731201172
110.75590515136719,59.04207229614258
110.555908203125,59.04258728027344
110.35590362548828,59.04309844970703
110.1559066772461,59.04361343383789
109.9559097290039,59.04412841796875
109.75590515136719,59.04464340209961
109.555908203125,59.04515838623047
109.35591125488281,59.04567337036133
109.15591430664062,59.04618835449219
108.9559097290039,59.04670333862305
108.75591278076172,59.04721450805664
108.555908203125,59.0477294921875
108.35591125488281,59.04824447631836
108.15591430664062,59.04875946044922
107.95591735839844,59.04927444458008
107.75591278076172,59.04978942871094
107.55591583251953,59.0503044128418
107.35591125488281,59.050819396972656
107.15591430664062,59.05133056640625
106.95591735839844,59.05184555053711
106.75592041015625,59.05236053466797
106.55591583251953,59.05287551879883
106.35591888427734,59.05339050292969
106.15592193603516,59.05390548706055
105.78592681884766,59.05485916137695
105.78592681884766,59.05485916137695
105.58592987060547,59.05537414550781
105.38592529296875,59.05588912963867
105.18592834472656,59.05640411376953
104.98593139648438,59.05691909790039
104.78592681884766,59.057430267333984
104.58592987060547,59.057945251464844
104.38593292236328,59.0584602355957
104.18592834472656,59.05897521972656
103.98593139648438,59.05949020385742
103.78593444824219,59.06000518798828
103.58592987060547,59.06052017211914
103.40270233154297,59.06025314331055
103.22244262695312,59.057979583740234
103.0422134399414,59.05366516113281
102.86205291748047,59.04732131958008
102.68196868896484,59.03894805908203
102.50199890136719,59.0285530090332
102.32215118408203,59.01612091064453
102.1424560546875,59.00166702270508
101.96292877197266,58.98518371582031
101.78361511230469,58.9666862487793
101.60450744628906,58.946163177490234
101.42564392089844,58.92362976074219
101.2470474243164,58.89907455444336
101.06874084472656,58.87251281738281
100.89073944091797,58.843936920166016
100.71308135986328,58.81336212158203
100.5357666015625,58.780784606933594
100.35883331298828,58.7462158203125
100.18231201171875,58.70964813232422
100.0062026977539,58.67109680175781
99.8305435180664,58.63056564331055
99.65534973144531,58.588050842285156
99.48065185546875,58.54357147216797
99.30645751953125,58.49712371826172
99.1328125,58.44871520996094
98.95970916748047,58.398345947265625
98.78719329833984,58.34604263305664
98.61527252197266,58.29179000854492
98.4439697265625,58.23560333251953
98.2733154296875,58.177494049072266
98.10333251953125,58.117454528808594
97.93403625488281,58.05551528930664
97.76492309570312,57.99146270751953
97.59015655517578,57.923492431640625
97.41586303710938,57.854278564453125
97.2420883178711,57.7838249206543
97.06880950927734,57.71213150024414
96.89604187011719,57.63920211791992
96.72380065917969,57.56504821777344
96.55209350585938,57.48966598510742
96.38092803955078,57.41306686401367
96.21031188964844,57.335243225097656
96.0402603149414,57.25620651245117
95.87077331542969,57.175960540771484
95.70185852050781,57.09450912475586
95.53353118896484,57.0118522644043
95.36580657958984,56.928001403808594
95.19866943359375,56.84295654296875
95.03215026855469,56.75672149658203
94.86624908447266,56.6693000793457
94.70097351074219,56.5806999206543
94.53633117675781,56.490928649902344
94.3723373413086,56.39997863769531
94.20899963378906,56.307861328125
94.04631805419922,56.2145881652832
93.8843002319336,56.12015151977539
93.72296905517578,56.024566650390625
93.56232452392578,55.927833557128906
93.4023666381836,55.8299560546875
93.24311065673828,55.7309455871582
93.0845718383789,55.630794525146484
92.92674255371094,55.52952194213867
92.76964569091797,55.427127838134766
92.61327362060547,55.3236083984375
92.45765686035156,55.21898651123047
92.30198669433594,55.11271667480469
92.13715362548828,54.99945068359375
91.9723129272461,54.88618469238281
91.80747985839844,54.772918701171875
91.64263916015625,54.6596565246582
91.4609603881836,54.534820556640625
91.4609603881836,54.534820556640625
91.29612731933594,54.42155456542969
91.07893371582031,54.27231979370117
91.07893371582031,54.27231979370117
90.91410064697266,54.159053802490234
90.74925994873047,54.04579162597656
90.58442687988281,53.932525634765625
90.41958618164062,53.81926345825195
90.25475311279297,53.705997467041016
90.08991241455078,53.59273147583008
89.92507934570312,53.479469299316406
89.76023864746094,53.36620330810547
89.59540557861328,53.2529411315918
89.4305648803711,53.13967514038086
89.26573181152344,53.02640914916992
89.10089111328125,52.91314697265625
88.9360580444336,52.79988098144531
88.7712173461914,52.68661880493164
88.60638427734375,52.5733528137207
88.44154357910156,52.460086822509766
88.2767105102539,52.346824645996094
88.11186981201172,52.233558654785156
87.94703674316406,52.120296478271484
87.78219604492188,52.00703048706055
87.61736297607422,51.893768310546875
87.45252227783203,51.78050231933594
87.28768920898438,51.667236328125
87.12284851074219,51.55397415161133
86.95801544189453,51.44070816040039
86.79317474365234,51.32744598388672
86.62834167480469,51.21417999267578
86.4635009765625,51.100914001464844
86.29866790771484,50.98765182495117
86.14067840576172,50.879337310791016
85.98966217041016,50.777767181396484
85.83760833740234,50.67776107788086
85.68453979492188,50.579322814941406
85.53045654296875,50.48246765136719
85.3753890991211,50.387203216552734
85.21934509277344,50.29353713989258
85.0623550415039,50.201480865478516
84.9044189453125,50.11104202270508
84.74556732177734,50.02223587036133
84.58580780029297,49.9350700378418
84.42516326904297,49.849552154541016
84.26363372802734,49.765689849853516
84.10126495361328,49.683494567871094
83.93804931640625,49.60297775268555
83.77401733398438,49.52414321899414
83.60918426513672,49.446998596191406
83.44356536865234,49.37155532836914
83.27717590332031,49.29781723022461
83.11004638671875,49.225799560546875
82.94217681884766,49.15549850463867
82.77359008789062,49.08693313598633
82.60430908203125,49.02010726928711
82.43435668945312,48.95502471923828
82.26373291015625,48.891693115234375
82.09246826171875,48.83012390136719
81.92058563232422,48.77031707763672
81.74809265136719,48.7122802734375
81.57501220703125,48.65602493286133
81.4013671875,48.6015510559082
81.22715759277344,48.548866271972656
81.05242919921875,48.49798583984375
80.8771743774414,48.448890686035156
80.70143127441406,48.401615142822266
80.52521514892578,48.35614013671875
80.3485336303711,48.3124885559082
80.17141723632812,48.270652770996094
79.9938735961914,48.23064422607422
79.81592559814453,48.19245529174805
79.63761138916016,48.156105041503906
79.45891571044922,48.12159729003906
79.27987670898438,48.088924407958984
79.10051727294922,48.05809783935547
78.9223861694336,48.02939987182617
78.74561309814453,48.003074645996094
78.56852722167969,47.97890853881836
78.39117431640625,47.95689392089844
78.21356201171875,47.93703842163086
78.03571319580078,47.919349670410156
77.85767364501953,47.9038200378418
77.67945098876953,47.890445709228516
77.5010757446289,47.87925338745117
77.32259368896484,47.8702278137207
77.14400482177734,47.863365173339844
76.96534729003906,47.85868453979492
76.7866439819336,47.85617446899414
76.60792541503906,47.8558349609375
76.42921447753906,47.85767364501953
76.25053405761719,47.86167907714844
76.07192993164062,47.86785888671875
75.89340209960938,47.8762092590332
75.7149887084961,47.88673400878906
75.5367202758789,47.89942169189453
75.35862731933594,47.914276123046875
75.18071746826172,47.93130111694336
75.0030288696289,47.95048141479492
74.8255844116211,47.971824645996094
74.6484146118164,47.99531555175781
74.47154998779297,48.020973205566406
74.29499816894531,48.048770904541016
74.11881256103516,48.07870864868164
73.9429931640625,48.11079406738281
73.767578125,48.145015716552734
73.59259033203125,48.181365966796875
73.41806030273438,48.2198371887207
73.2440185546875,48.260433197021484
73.07047271728516,48.303138732910156
72.8974609375,48.34794998168945
72.72500610351562,48.39487075805664
72.55313873291016,48.44387435913086
72.38187408447266,48.494964599609375
72.21125793457031,48.54813766479492
72.0412826538086,48.6033821105957
71.87199401855469,48.66069030761719
71.70342254638672,48.72005081176758
71.53558349609375,48.781455993652344
71.3531723022461,48.84999465942383
71.16596984863281,48.92040252685547
70.99166870117188,48.986289978027344
70.8328857421875,49.04895782470703
70.67518615722656,49.11427307128906
70.51859283447266,49.182220458984375
70.36316680908203,49.25278091430664
70.20893859863281,49.32593536376953
70.05595397949219,49.40166091918945
69.90425872802734,49.47993469238281
69.75389862060547,49.56073760986328
69.60491180419922,49.644046783447266
69.45734405517578,49.72984313964844
69.31122589111328,49.81809997558594
69.16661071777344,49.908782958984375
69.0235366821289,50.00187683105469
68.88203430175781,50.097354888916016
68.74215698242188,50.19518280029297
68.60393524169922,50.29534149169922
68.4674072265625,50.397804260253906
68.3326187133789,50.502532958984375
68.19959259033203,50.60951232910156
68.06838989257812,50.71869659423828
67.93901824951172,50.8300666809082
67.81153869628906,50.94358444213867
67.68597412109375,51.0592155456543
67.56237030029297,51.176944732666016
67.44074249267578,51.296714782714844
67.32115173339844,51.41851043701172
67.20361328125,51.54228591918945
67.08815002441406,51.66801834106445
66.97482299804688,51.79566192626953
66.86363983154297,51.925193786621094
66.75465393066406,52.05656051635742
66.64786529541016,52.189735412597656
66.54332733154297,52.32468032836914
66.44107055664062,52.46134948730469
66.34110260009766,52.59972381591797
66.24347686767578,52.739742279052734
66.14820861816406,52.88138198852539
66.0553207397461,53.02459716796875
65.96485137939453,53.169342041015625
65.8768081665039,53.315582275390625
65.79122924804688,53.463279724121094
65.70814514160156,53.612388610839844
65.62755584716797,53.76286315917969
65.54949188232422,53.914669036865234
65.47399139404297,54.0677604675293
65.39342498779297,54.23711395263672
65.30775451660156,54.4178352355957
65.22207641601562,54.59855651855469
65.13640594482422,54.77927780151367
65.05072784423828,54.959999084472656
64.96505737304688,55.140716552734375
64.88326263427734,55.31357955932617
64.8115463256836,55.47005844116211
64.74234008789062,55.62765884399414
64.67564392089844,55.786346435546875
64.61148834228516,55.946067810058594
64.54988861083984,56.10679626464844
64.4908447265625,56.26848220825195
64.43439483642578,56.431087493896484
64.38053894042969,56.594573974609375
64.32928466796875,56.75889587402344
64.2806625366211,56.924015045166016
64.23467254638672,57.08988571166992
64.19132995605469,57.256465911865234
64.15065002441406,57.4237174987793
64.11263275146484,57.59159469604492
64.0772933959961,57.76005554199219
64.04464721679688,57.92906188964844
64.01469421386719,58.09856033325195
63.98744583129883,58.268516540527344
63.9629020690918,58.43889236450195
63.94108200073242,58.6096305847168
63.92198181152344,58.78069305419922
63.905601501464844,58.95204162597656
63.8919563293457,59.12363052368164
63.88105010986328,59.295413970947266
63.87287521362305,59.467342376708984
63.8674430847168,59.63938522338867
63.864749908447266,59.81149673461914
63.86479187011719,59.98362350463867
63.86758041381836,60.155731201171875
63.873111724853516,60.3277702331543
63.88137435913086,60.499698638916016
63.89237976074219,60.67147445678711
63.90612030029297,60.843055725097656
63.92258834838867,61.01438903808594
63.94178771972656,61.18544387817383
63.96370315551758,61.356170654296875
63.98833465576172,61.526527404785156
64.01567840576172,61.696468353271484
64.04572296142578,61.8659553527832
64.0784683227539,62.03493881225586
64.11389923095703,62.20338439941406
64.15200805664062,62.37124252319336
64.19277954101562,62.53846740722656
64.23621368408203,62.70502853393555
64.28228759765625,62.87087631225586
64.33100891113281,63.03596878051758
64.3823471069336,63.20026397705078
64.43629455566406,63.36371612548828
64.49283599853516,63.52628707885742
64.55196380615234,63.687950134277344
64.61365509033203,63.84864044189453
64.67789459228516,64.00833129882812
64.74468231201172,64.16697692871094
64.81397247314453,64.32453918457031
64.8857650756836,64.4809799194336
64.96005249023438,64.6362533569336
65.04463958740234,64.8076400756836
65.13328552246094,64.9869155883789
65.22193908691406,65.16619110107422
65.31059265136719,65.34546661376953
65.39923858642578,65.52474975585938
65.4808349609375,65.6884765625
65.5608139038086,65.84349060058594
65.6430435180664,65.997314453125
65.7275161743164,66.14993286132812
65.81420135498047,66.30130004882812
65.90309143066406,66.45137786865234
65.99417114257812,66.60015106201172
66.08740234375,66.74756622314453
66.18279266357422,66.89360809326172
66.2802963256836,67.03824615478516
66.3799057006836,67.18143463134766
66.4815902709961,67.32316589355469
66.58534240722656,67.46337890625
66.69113159179688,67.60208129882812
66.7989273071289,67.73920440673828
66.90872192382812,67.87474822998047
67.0204849243164,68.00867462158203
67.13418579101562,68.14094543457031
67.24981689453125,68.27155303955078
67.36734008789062,68.40043640136719
67.48673248291016,68.5276107788086
67.60797119140625,68.65302276611328
67.73103332519531,68.77664947509766
67.85588073730469,68.89845275878906
67.98249816894531,69.0184326171875
68.11085510253906,69.13655090332031
68.24092102050781,69.25276947021484
68.37267303466797,69.3670883178711
68.5060806274414,69.47946166992188
68.64111328125,69.58988189697266
68.77775573730469,69.69831085205078
68.91596221923828,69.80473327636719
69.05569458007812,69.90911865234375
69.19696044921875,70.01145935058594
69.33968353271484,70.11173248291016
69.48387145996094,70.20989990234375
69.62947845458984,70.30595397949219
69.7764663696289,70.39987182617188
69.92481994628906,70.49162292480469
70.07447814941406,70.58120727539062
70.22544860839844,70.6685791015625
70.37767028808594,70.75375366210938
70.5311279296875,70.8366928100586
70.68577575683594,70.9173812866211
70.84158325195312,70.99578857421875
70.99852752685547,71.0719223022461
71.15655517578125,71.14575958251953
71.3156509399414,71.21726989746094
71.47578430175781,71.28645324707031
71.63690185546875,71.3532943725586
71.7989730834961,71.41777038574219
71.96198272705078,71.47986602783203
72.12586975097656,71.53958129882812
72.29061889648438,71.59689331054688
72.45618438720703,71.65179443359375
72.6225357055664,71.70426940917969
72.78962707519531,71.75431060791016
72.95744323730469,71.80189514160156
73.12593841552734,71.84703063964844
73.2950668334961,71.88970184326172
73.46481323242188,71.92990112304688
73.63511657714844,71.96760559082031
73.80594635009766,72.00282287597656
73.97728729248047,72.0355453491211
74.14907836914062,72.06575775146484
74.32876586914062,72.09474182128906
74.52632904052734,72.12591552734375
74.7203369140625,72.156494140625
74.89866638183594,72.18321990966797
75.0772705078125,72.20794677734375
75.25614929199219,72.23066711425781
75.4352798461914,72.25137329101562
75.6146240234375,72.27006530761719
75.7941665649414,72.28673553466797
75.97389221191406,72.30138397216797
76.15376281738281,72.31401062011719
76.33377075195312,72.32462310791016
76.51387786865234,72.33319854736328
76.69407653808594,72.3397445678711
76.87433624267578,72.34426879882812
77.05464172363281,72.34677124023438
77.23494720458984,72.34723663330078
77.4152603149414,72.3456802368164
77.59553527832031,72.34210205078125
77.7757797241211,72.33648681640625
77.9559326171875,72.32884979248047
78.135986328125,72.31917572021484
78.31592559814453,72.30748748779297
78.49571990966797,72.29377746582031
78.67534637451172,72.27803802490234
78.85478973388672,72.26028442382812
79.03401184082031,72.24051666259766
79.21300506591797,72.21873474121094
79.3917465209961,72.19493103027344
79.5702133178711,72.16912841796875
79.74836730957031,72.14131927490234
79.92620849609375,72.11150360107422
80.10369110107422,72.07969665527344
80.28081512451172,72.04588317871094
80.45755004882812,72.01008605957031
80.63385772705078,71.9723129272461
80.80973815917969,71.93255615234375
80.98515319824219,71.89081573486328
81.16009521484375,71.84710693359375
81.33454132080078,71.80143737792969
81.5084457397461,71.75379943847656
81.68180847167969,71.70421600341797
81.85459899902344,71.6526870727539
82.02681732177734,71.5992202758789
82.19841003417969,71.54381561279297
82.36936950683594,71.48648834228516
82.53966522216797,71.42723846435547
82.70929718017578,71.36607360839844
82.87821960449219,71.3030014038086
83.04644012451172,71.23804473876953
83.21390533447266,71.17119598388672
83.38060760498047,71.10247039794922
83.5465316772461,71.03187561035156
83.71163940429688,70.95941925048828
83.87593841552734,70.88510131835938
84.03938293457031,70.8089370727539
84.20196533203125,70.73095703125
84.3636474609375,70.6511459350586
84.52444458007812,70.56951904296875
84.68429565429688,70.48609161376953
84.84320068359375,70.40086364746094
85.00113677978516,70.3138656616211
85.15808868408203,70.22509002685547
85.31402587890625,70.13455200195312
85.46894073486328,70.04226684570312
85.62281036376953,69.94824981689453
85.77560424804688,69.85250854492188
85.92731475830078,69.75505065917969
86.07791900634766,69.65589904785156
86.22740936279297,69.55506134033203
86.37574768066406,69.4525375366211
86.52291870117188,69.34835815429688
86.66891479492188,69.2425308227539
86.81610107421875,69.13330841064453
86.97623443603516,69.01348114013672
87.13636779785156,68.89366149902344
87.29650115966797,68.77383422851562
87.45663452148438,68.65400695800781
87.61676025390625,68.53418731689453
87.77689361572266,68.41436004638672
87.93702697753906,68.29454040527344
88.09716033935547,68.17471313476562
88.25729370117188,68.05489349365234
88.41742706298828,67.93506622314453
88.57755279541016,67.81524658203125
88.73768615722656,67.69541931152344
88.89781951904297,67.57559967041016
89.05795288085938,67.45577239990234
89.21808624267578,67.33595275878906
89.37821960449219,67.21612548828125
89.53834533691406,67.09630584716797
89.69847869873047,66.97647857666016
89.85861206054688,66.85665893554688
90.01874542236328,66.73683166503906
90.17887878417969,66.61701202392578
90.3390121459961,66.49718475341797
90.4991455078125,66.37736511230469
90.65927124023438,66.25753784179688
90.9515380859375,66.0388412475586
90.9515380859375,66.0388412475586
91.1116714477539,65.91901397705078
91.27180480957031,65.79918670654297
91.5208969116211,65.6131362915039
91.5208969116211,65.6131362915039
91.70598602294922,65.47876739501953
91.89326477050781,65.34745025634766
92.08267211914062,65.21922302246094
92.274169921875,65.0941162109375
92.4676742553711,64.97217559814453
92.66316986083984,64.85343170166016
92.8605728149414,64.73790740966797
93.05986785888672,64.62564849853516
93.2609634399414,64.51667022705078
93.46382904052734,64.4110107421875
93.66840362548828,64.3086929321289
93.87461853027344,64.20974731445312
94.08244323730469,64.11420440673828
94.29180145263672,64.02207946777344
94.50263977050781,63.933414459228516
94.71491241455078,63.84821701049805
94.92855072021484,63.76651382446289
95.14350128173828,63.688331604003906
95.35971069335938,63.61369323730469
95.57711791992188,63.54261016845703
95.79566955566406,63.4751091003418
96.01528930664062,63.41120147705078
96.23592376708984,63.35090637207031
96.45752716064453,63.294246673583984
96.68002319335938,63.24123001098633
96.90337371826172,63.191871643066406
97.12748718261719,63.14619445800781
97.35232543945312,63.10419464111328
97.56355285644531,63.0676155090332
97.77092742919922,63.033016204833984
97.978515625,62.999637603759766
98.186279296875,62.96746063232422
98.39423370361328,62.93651580810547
98.60237884521484,62.906776428222656
98.81067657470703,62.878273010253906
99.01914978027344,62.85097885131836
99.22776794433594,62.82490539550781
99.4365463256836,62.80005645751953
99.64546203613281,62.77642822265625
99.8545150756836,62.754032135009766
100.06369018554688,62.73284912109375
100.27298736572266,62.712894439697266
100.48239135742188,62.69417190551758
100.6919174194336,62.676673889160156
100.90152740478516,62.660400390625
101.11123657226562,62.645355224609375
101.32102966308594,62.63153839111328
101.53089904785156,62.61894226074219
101.7408447265625,62.60758972167969
101.95083618164062,62.59746551513672
102.16089630126953,62.588565826416016
102.37100982666016,62.58089828491211
102.58116149902344,62.57444763183594
102.79134368896484,62.569252014160156
103.00154876708984,62.565269470214844
103.21177673339844,62.56251907348633
103.4220199584961,62.561004638671875
103.62501525878906,62.560420989990234
103.82508850097656,62.55990982055664
104.02508544921875,62.559391021728516
104.22509002685547,62.55887985229492
104.42508697509766,62.5583610534668
104.62508392333984,62.5578498840332
104.82508087158203,62.55733108520508
105.02508544921875,62.556819915771484
105.22508239746094,62.55630874633789
105.42507934570312,62.555789947509766
105.794921875,62.554840087890625
105.794921875,62.554840087890625
105.99491882324219,62.55432891845703
106.1949234008789,62.55381393432617
106.3949203491211,62.55329895019531
106.59492492675781,62.55278396606445
106.794921875,62.552268981933594
106.99491882324219,62.551753997802734
107.19491577148438,62.551239013671875
107.3949203491211,62.550724029541016
107.59491729736328,62.550209045410156
107.79491424560547,62.54969787597656
107.99491882324219,62.5491828918457
108.19491577148438,62.548667907714844
108.39491271972656,62.548152923583984
108.59490966796875,62.547637939453125
108.79491424560547,62.547122955322266
108.99491119384766,62.546607971191406
109.19491577148438,62.54609298706055
109.39491271972656,62.54558181762695
109.59490966796875,62.545066833496094
109.79490661621094,62.544551849365234
109.99491119384766,62.544036865234375
110.19490814208984,62.543521881103516
110.39491271972656,62.543006896972656
110.59490966796875,62.5424919128418
110.79490661621094,62.54197692871094
110.99490356445312,62.541465759277344
111.19490814208984,62.540950775146484
111.39490509033203,62.540435791015625
111.59490203857422,62.539920806884766
111.79490661621094,62.539405822753906
111.99490356445312,62.53889083862305
112.19490051269531,62.53837585449219
112.3948974609375,62.53786087036133
112.59490203857422,62.53734588623047
112.7948989868164,62.536834716796875
112.99490356445312,62.536319732666016
113.19490051269531,62.535804748535156
113.3948974609375,62.5352897644043
113.59489440917969,62.53477478027344
113.7948989868164,62.53425979614258
113.9948959350586,62.53374481201172
114.19490051269531,62.53322982788086
114.3948974609375,62.532718658447266
114.59489440917969,62.532203674316406
114.79489135742188,62.53168869018555
114.9948959350586,62.53117370605469
115.19489288330078,62.53065872192383
115.39488983154297,62.53014373779297
115.59489440917969,62.52962875366211
115.79489135742188,62.52911376953125
115.99488830566406,62.528602600097656
116.19488525390625,62.5280876159668
116.39488983154297,62.52757263183594
116.59488677978516,62.52705764770508
116.79489135742188,62.52654266357422
116.99488830566406,62.52602767944336
117.19488525390625,62.5255126953125
117.39488220214844,62.52499771118164
117.59488677978516,62.52448272705078
117.79488372802734,62.52397155761719
117.99488067626953,62.52345657348633
118.19488525390625,62.52294158935547
118.39488220214844,62.52242660522461
118.59487915039062,62.52191162109375
118.79487609863281,62.52139663696289
118.99488067626953,62.52088165283203
119.19487762451172,62.52036666870117
119.39488220214844,62.51985549926758
119.59487915039062,62.51934051513672
119.79487609863281,62.51882553100586
119.994873046875,62.518310546875
120.19487762451172,62.51779556274414
120.3948745727539,62.51728057861328
120.5948715209961,62.51676559448242
120.79487609863281,62.51625061035156
120.994873046875,62.51573944091797
121.19486999511719,62.51522445678711
121.3948745727539,62.51470947265625
121.5948715209961,62.51419448852539
121.79486846923828,62.51367950439453
121.994873046875,62.51316452026367
122.19486999511719,62.51264953613281
122.39486694335938,62.51213455200195
122.59486389160156,62.511619567871094
122.79486846923828,62.5111083984375
122.99486541748047,62.51059341430664
123.19486999511719,62.51007843017578
123.39486694335938,62.50956344604492
123.59486389160156,62.50904846191406
123.79486083984375,62.5085334777832
123.99486541748047,62.508018493652344
124.19486236572266,62.507503509521484
124.39485931396484,62.50699234008789
124.59486389160156,62.50647735595703
124.79486083984375,62.50596237182617
124.99485778808594,62.50544738769531
125.19486236572266,62.50493240356445
125.39485931396484,62.504417419433594
125.59485626220703,62.503902435302734
125.79486083984375,62.503387451171875
125.99485778808594,62.50287628173828
126.19485473632812,62.50236129760742
126.39485168457031,62.50184631347656
126.59485626220703,62.5013313293457
126.79485321044922,62.500816345214844
126.9948501586914,62.500301361083984
127.19485473632812,62.499786376953125
127.39485168457031,62.499271392822266
127.5948486328125,62.498756408691406
127.79485321044922,62.49824523925781
127.9948501586914,62.49773025512695
128.19485473632812,62.497215270996094
128.3948516845703,62.496700286865234
128.5948486328125,62.496185302734375
128.7948455810547,62.495670318603516
128.99484252929688,62.495155334472656
129.19483947753906,62.4946403503418
129.3948516845703,62.4941291809082
129.5948486328125,62.493614196777344
129.7948455810547,62.493099212646484
129.99484252929688,62.492584228515625
130.19483947753906,62.492069244384766
130.39483642578125,62.491554260253906
130.5948486328125,62.49103927612305
130.7948455810547,62.49052429199219
